Date,Transactions Per Block
2009-01-17,1.0
2009-01-21,1.01941747572816
2009-01-25,1.00523560209424
2009-01-29,1.00826446280992
2009-02-02,1.0078125
2009-02-06,1.0
2009-02-10,1.0
2009-02-14,1.0
2009-02-18,1.0
2009-02-22,1.03305785123967
2009-02-26,1.0
2009-03-02,1.0
2009-03-06,1.0
2009-03-10,1.0
2009-03-14,1.0
2009-03-18,1.01754385964912
2009-03-22,1.01694915254237
2009-03-26,1.00854700854701
2009-03-30,1.0
2009-04-03,1.0
2009-04-07,1.0
2009-04-11,1.00833333333333
2009-04-15,1.0
2009-04-19,1.00840336134454
2009-04-23,1.0
2009-04-27,1.0
2009-05-01,1.0
2009-05-05,1.00740740740741
2009-05-09,1.0
2009-05-13,1.04504504504505
2009-05-17,1.0
2009-05-21,1.0
2009-05-25,1.0
2009-05-29,1.00943396226415
2009-06-02,1.0
2009-06-06,1.0
2009-06-10,1.0
2009-06-14,1.0
2009-06-18,1.0
2009-06-22,1.01315789473684
2009-06-26,1.0
2009-06-30,1.01176470588235
2009-07-04,1.0
2009-07-08,1.0
2009-07-12,1.0
2009-07-16,1.0
2009-07-20,1.01428571428571
2009-07-24,1.0
2009-07-28,1.0
2009-08-01,1.0
2009-08-05,1.0
2009-08-09,1.0
2009-08-13,1.0
2009-08-17,1.0
2009-08-21,1.0
2009-08-25,1.0
2009-08-29,1.0
2009-09-02,1.0
2009-09-06,1.0
2009-09-10,1.0
2009-09-14,1.0
2009-09-18,1.0
2009-09-22,1.03846153846154
2009-09-26,1.0
2009-09-30,1.0
2009-10-04,1.0
2009-10-08,1.0
2009-10-12,1.01724137931034
2009-10-16,1.01666666666667
2009-10-20,1.01052631578947
2009-10-24,1.01612903225806
2009-10-28,1.0
2009-11-01,1.0
2009-11-05,1.0
2009-11-09,1.0
2009-11-13,1.0375
2009-11-17,1.0
2009-11-21,1.0
2009-11-25,1.0
2009-11-29,1.0
2009-12-03,1.0
2009-12-07,1.0
2009-12-11,1.0
2009-12-15,1.01818181818182
2009-12-19,1.0050505050505
2009-12-23,1.0
2009-12-27,1.0059880239521
2009-12-31,1.0
2010-01-04,1.01104972375691
2010-01-08,1.0
2010-01-12,1.0125786163522
2010-01-16,1.008
2010-01-20,1.0
2010-01-24,1.00649350649351
2010-01-28,1.01129943502825
2010-02-01,1.04891304347826
2010-02-05,1.01793721973094
2010-02-09,1.01449275362319
2010-02-13,1.01293103448276
2010-02-17,1.04602510460251
2010-02-21,1.01793721973094
2010-02-25,1.02597402597403
2010-03-01,1.02051282051282
2010-03-05,1.01169590643275
2010-03-09,1.01369863013699
2010-03-13,1.00653594771242
2010-03-17,1.02205882352941
2010-03-21,1.03825136612022
2010-03-25,1.08021390374332
2010-03-29,1.06153846153846
2010-04-02,1.03205128205128
2010-04-06,1.09433962264151
2010-04-10,1.14615384615385
2010-04-14,1.23888888888889
2010-04-18,13.6775510204082
2010-04-22,1.25157232704403
2010-04-26,1.28658536585366
2010-04-30,1.18055555555556
2010-05-04,1.30147058823529
2010-05-08,1.18181818181818
2010-05-12,1.25396825396825
2010-05-16,1.17543859649123
2010-05-20,1.16748768472906
2010-05-24,1.32978723404255
2010-05-28,1.24215246636771
2010-06-01,1.35555555555556
2010-06-05,1.31034482758621
2010-06-09,1.30952380952381
2010-06-13,1.39181286549708
2010-06-17,1.3972602739726
2010-06-21,1.57142857142857
2010-06-25,1.4
2010-06-29,1.56213017751479
2010-07-03,1.34905660377358
2010-07-07,1.3974358974359
2010-07-11,1.97206703910615
2010-07-15,2.13322632423756
2010-07-19,3.03448275862069
2010-07-23,2.11855670103093
2010-07-27,2.56626506024096
2010-07-31,1.45320197044335
2010-08-04,1.80658436213992
2010-08-08,1.96482412060302
2010-08-12,1.80645161290323
2010-08-16,3.08163265306122
2010-08-20,2.19170984455959
2010-08-24,1.76279069767442
2010-08-28,1.99411764705882
2010-09-01,2.4203821656051
2010-09-05,1.88484848484848
2010-09-09,2.4
2010-09-13,2.54970760233918
2010-09-17,1.73557692307692
2010-09-21,4.7093023255814
2010-09-25,2.57004830917874
2010-09-29,5.94512195121951
2010-10-03,3.09016393442623
2010-10-07,2.125
2010-10-11,2.15094339622642
2010-10-15,1.85310734463277
2010-10-19,3.609375
2010-10-23,2.95428571428571
2010-10-27,2.66666666666667
2010-10-31,1.71508379888268
2010-11-04,1.70149253731343
2010-11-08,1.87272727272727
2010-11-12,1.69230769230769
2010-11-16,46.2182741116751
2010-11-20,83.8879310344828
2010-11-24,22.2372881355932
2010-11-28,2.63953488372093
2010-12-02,2.4468085106383
2010-12-06,1.92946058091286
2010-12-10,2.53741496598639
2010-12-14,3.79166666666667
2010-12-18,3.09937888198758
2010-12-22,4.19745222929936
2010-12-26,4.02758620689655
2010-12-30,3.50887573964497
2011-01-03,7.23076923076923
2011-01-07,6.21951219512195
2011-01-11,7.91860465116279
2011-01-15,6.12738853503185
2011-01-19,5.42603550295858
2011-01-23,6.35882352941176
2011-01-27,5.25625
2011-01-31,8.19411764705882
2011-02-04,4.91752577319588
2011-02-08,5.03571428571429
2011-02-12,9.75510204081633
2011-02-16,9.00862068965517
2011-02-20,9.79292929292929
2011-02-24,10.1884057971014
2011-02-28,11.4666666666667
2011-03-04,8.9683257918552
2011-03-08,13.048128342246
2011-03-12,21.1142857142857
2011-03-16,23.4044117647059
2011-03-20,29.7518248175182
2011-03-24,14.2368421052632
2011-03-28,17.4464285714286
2011-04-01,8.97159090909091
2011-04-05,10.9226804123711
2011-04-09,11.1089743589744
2011-04-13,12.2216494845361
2011-04-17,12.5388888888889
2011-04-21,13.0272108843537
2011-04-25,13.5
2011-04-29,17.67
2011-05-03,14.9744897959184
2011-05-07,18.1635514018692
2011-05-11,16.1780104712042
2011-05-15,17.1363636363636
2011-05-19,27.2690058479532
2011-05-23,20.0874125874126
2011-05-27,29.059880239521
2011-05-31,40.42
2011-06-04,39.3348214285714
2011-06-08,63.8648648648649
2011-06-12,53.3905579399142
2011-06-16,70.8111111111111
2011-06-20,47.9700854700855
2011-06-24,50.5648148148148
2011-06-28,66.99375
2011-07-02,47.4437869822485
2011-07-06,67.0
2011-07-10,61.2554744525547
2011-07-14,60.5277777777778
2011-07-18,52.8
2011-07-22,59.5430463576159
2011-07-26,47.5568181818182
2011-07-30,40.8486842105263
2011-08-03,49.2802547770701
2011-08-07,53.2539682539683
2011-08-11,55.4452554744526
2011-08-15,64.953488372093
2011-08-19,58.1221374045802
2011-08-23,46.9483870967742
2011-08-27,52.1393442622951
2011-08-31,47.0451612903226
2011-09-04,54.1641791044776
2011-09-08,50.3643410852713
2011-09-12,49.4360902255639
2011-09-16,52.1764705882353
2011-09-20,58.1785714285714
2011-09-24,44.4031007751938
2011-09-28,40.9319727891156
2011-10-02,41.6115702479339
2011-10-06,46.1875
2011-10-10,47.8211382113821
2011-10-14,43.9640287769784
2011-10-18,40.525
2011-10-22,52.1836734693878
2011-10-26,45.0598290598291
2011-10-30,44.3454545454545
2011-11-03,50.024
2011-11-07,41.6363636363636
2011-11-11,41.5175438596491
2011-11-15,37.0060606060606
2011-11-19,38.4065040650407
2011-11-23,41.7761194029851
2011-11-27,44.3947368421053
2011-12-01,34.9010989010989
2011-12-05,39.4746835443038
2011-12-09,38.0136054421769
2011-12-13,40.9545454545455
2011-12-17,32.3691275167785
2011-12-21,37.4295302013423
2011-12-25,30.3793103448276
2011-12-29,37.768115942029
2012-01-02,35.8278145695364
2012-01-06,38.8538011695906
2012-01-10,47.354609929078
2012-01-14,45.38
2012-01-18,51.9296875
2012-01-22,39.1544117647059
2012-01-26,47.8115942028985
2012-01-30,35.7732558139535
2012-02-03,44.620253164557
2012-02-07,51.1824817518248
2012-02-11,51.1933333333333
2012-02-15,69.6791044776119
2012-02-19,37.7088607594937
2012-02-23,48.2771084337349
2012-02-27,43.7337662337662
2012-03-02,57.0522388059701
2012-03-06,46.4817518248175
2012-03-10,32.5454545454545
2012-03-14,50.3284671532847
2012-03-18,37.74375
2012-03-22,41.6898734177215
2012-03-26,43.8344370860927
2012-03-30,44.3376623376623
2012-04-03,58.187969924812
2012-04-07,47.1317829457364
2012-04-11,55.7304964539007
2012-04-15,68.8878504672897
2012-04-19,50.3184713375796
2012-04-23,52.6222222222222
2012-04-27,53.2962962962963
2012-05-01,60.0470588235294
2012-05-05,77.8323353293413
2012-05-09,103.885542168675
2012-05-13,105.264285714286
2012-05-17,145.991379310345
2012-05-21,250.825396825397
2012-05-25,239.661157024793
2012-05-29,236.634920634921
2012-06-02,80.0
2012-06-06,104.16339869281
2012-06-10,245.307228915663
2012-06-14,397.038461538462
2012-06-18,223.262857142857
2012-06-22,170.760869565217
2012-06-26,202.919463087248
2012-06-30,171.348484848485
2012-07-04,154.426666666667
2012-07-08,135.941176470588
2012-07-12,162.02
2012-07-16,209.193333333333
2012-07-20,248.608108108108
2012-07-24,176.204968944099
2012-07-28,230.261437908497
2012-08-01,227.89552238806
2012-08-05,239.446043165468
2012-08-09,176.129411764706
2012-08-13,305.45
2012-08-17,293.869565217391
2012-08-21,245.173410404624
2012-08-25,242.311594202899
2012-08-29,203.625
2012-09-02,204.80487804878
2012-09-06,250.233918128655
2012-09-10,224.213333333333
2012-09-14,222.950617283951
2012-09-18,196.532934131737
2012-09-22,140.216560509554
2012-09-26,231.521428571429
2012-09-30,129.987421383648
2012-10-04,247.713178294574
2012-10-08,214.668539325843
2012-10-12,192.570469798658
2012-10-16,222.793548387097
2012-10-20,193.075471698113
2012-10-24,198.728395061728
2012-10-28,108.222891566265
2012-11-01,172.540145985401
2012-11-05,201.15
2012-11-09,165.506578947368
2012-11-13,193.792857142857
2012-11-17,232.414285714286
2012-11-21,257.013157894737
2012-11-25,251.616438356164
2012-11-29,225.439759036145
2012-12-03,147.340136054422
2012-12-07,249.186046511628
2012-12-11,255.409722222222
2012-12-15,279.008620689655
2012-12-19,315.246478873239
2012-12-23,301.131147540984
2012-12-27,280.685897435897
2012-12-31,190.278481012658
2013-01-04,317.575163398693
2013-01-08,290.406015037594
2013-01-12,374.352459016393
2013-01-16,409.381679389313
2013-01-20,318.238461538462
2013-01-24,296.288461538462
2013-01-28,354.965986394558
2013-02-01,403.959183673469
2013-02-05,319.880239520958
2013-02-09,403.846153846154
2013-02-13,345.555555555556
2013-02-17,264.015957446808
2013-02-21,317.704545454545
2013-02-25,329.137254901961
2013-03-01,424.572368421053
2013-03-05,409.122302158273
2013-03-09,328.674556213018
2013-03-13,361.082802547771
2013-03-17,169.129186602871
2013-03-21,254.880733944954
2013-03-25,340.229166666667
2013-03-29,357.810344827586
2013-04-02,349.591160220994
2013-04-06,317.288343558282
2013-04-10,334.455497382199
2013-04-14,362.555555555556
2013-04-18,317.21768707483
2013-04-22,308.457516339869
2013-04-26,323.181286549708
2013-04-30,319.456375838926
2013-05-04,315.58125
2013-05-08,305.690909090909
2013-05-12,389.452380952381
2013-05-16,413.22972972973
2013-05-20,378.457364341085
2013-05-24,327.816568047337
2013-05-28,361.20253164557
2013-06-01,254.981220657277
2013-06-05,307.391304347826
2013-06-09,279.691823899371
2013-06-13,232.220430107527
2013-06-17,316.848275862069
2013-06-21,279.922619047619
2013-06-25,284.261146496815
2013-06-29,216.242603550296
2013-07-03,193.103260869565
2013-07-07,163.204301075269
2013-07-11,249.620689655172
2013-07-15,224.109756097561
2013-07-19,214.964912280702
2013-07-23,272.567375886525
2013-07-27,205.699453551913
2013-07-31,260.652631578947
2013-08-04,239.921787709497
2013-08-08,283.034146341463
2013-08-12,232.537037037037
2013-08-16,423.327380952381
2013-08-20,332.778947368421
2013-08-24,283.153005464481
2013-08-28,363.747191011236
2013-09-01,210.850678733032
2013-09-05,339.27374301676
2013-09-09,284.118226600985
2013-09-13,219.774509803922
2013-09-17,379.502793296089
2013-09-21,277.767195767196
2013-09-25,264.796116504854
2013-09-29,242.241176470588
2013-10-03,299.251256281407
2013-10-07,285.557692307692
2013-10-11,280.659459459459
2013-10-15,214.715384615385
2013-10-19,248.031390134529
2013-10-23,250.289592760181
2013-10-27,244.083798882682
2013-10-31,275.739336492891
2013-11-04,233.451282051282
2013-11-08,441.962686567164
2013-11-12,290.084577114428
2013-11-16,243.170103092784
2013-11-20,472.914634146341
2013-11-24,362.267857142857
2013-11-28,546.524861878453
2013-12-02,475.283018867925
2013-12-06,346.629807692308
2013-12-10,352.203125
2013-12-14,271.924623115578
2013-12-18,409.597989949749
2013-12-22,313.0
2013-12-26,284.866666666667
2013-12-30,321.462427745665
2014-01-03,378.757763975155
2014-01-07,355.429378531073
2014-01-11,265.980952380952
2014-01-15,334.847826086957
2014-01-19,284.05325443787
2014-01-23,359.186440677966
2014-01-27,369.965517241379
2014-01-31,327.548913043478
2014-02-04,405.808139534884
2014-02-08,357.192307692308
2014-02-12,349.022471910112
2014-02-16,295.030769230769
2014-02-20,401.943502824859
2014-02-24,386.366492146597
2014-02-28,388.342541436464
2014-03-04,567.785234899329
2014-03-08,384.464285714286
2014-03-12,419.445054945055
2014-03-16,346.970760233918
2014-03-20,401.141242937853
2014-03-24,377.56914893617
2014-03-28,385.511494252874
2014-04-01,375.06432748538
2014-04-05,326.286549707602
2014-04-09,404.67701863354
2014-04-13,273.625668449198
2014-04-17,385.739644970414
2014-04-21,339.824561403509
2014-04-25,399.175824175824
2014-04-29,382.576470588235
2014-05-03,381.387323943662
2014-05-07,439.150943396226
2014-05-11,345.986842105263
2014-05-15,437.970760233918
2014-05-19,381.511904761905
2014-05-23,441.272727272727
2014-05-27,503.852941176471
2014-05-31,354.91156462585
2014-06-04,357.659340659341
2014-06-08,355.205882352941
2014-06-12,376.418604651163
2014-06-16,363.095744680851
2014-06-20,308.5
2014-06-24,345.122340425532
2014-06-28,298.857142857143
2014-07-02,487.065693430657
2014-07-06,367.176056338028
2014-07-10,433.590604026846
2014-07-14,464.896296296296
2014-07-18,372.453488372093
2014-07-22,470.830985915493
2014-07-26,420.39552238806
2014-07-30,384.610465116279
2014-08-03,348.188311688312
2014-08-07,436.95625
2014-08-11,415.247252747253
2014-08-15,443.593939393939
2014-08-19,401.827956989247
2014-08-23,355.512345679012
2014-08-27,441.307692307692
2014-08-31,307.207446808511
2014-09-04,448.164556962025
2014-09-08,526.152777777778
2014-09-12,444.051948051948
2014-09-16,510.140350877193
2014-09-20,360.693181818182
2014-09-24,480.602564102564
2014-09-28,477.900763358779
2014-10-02,525.978102189781
2014-10-06,484.776397515528
2014-10-10,522.954838709677
2014-10-14,616.393939393939
2014-10-18,405.34756097561
2014-10-22,503.062893081761
2014-10-26,566.096
2014-10-30,544.835294117647
2014-11-03,534.621301775148
2014-11-07,562.026490066225
2014-11-11,663.705426356589
2014-11-15,523.157142857143
2014-11-19,604.758865248227
2014-11-23,544.246478873239
2014-11-27,600.581560283688
2014-12-01,750.946153846154
2014-12-05,582.692307692308
2014-12-09,635.352112676056
2014-12-13,521.965753424658
2014-12-17,769.09375
2014-12-21,598.204545454545
2014-12-25,429.860759493671
2014-12-29,508.823170731707
2015-01-02,480.527272727273
2015-01-06,555.829113924051
2015-01-10,713.428571428571
2015-01-14,722.51724137931
2015-01-18,543.699346405229
2015-01-22,694.059259259259
2015-01-26,851.818897637795
2015-01-30,588.398550724638
2015-02-03,722.779527559055
2015-02-07,538.987421383648
2015-02-11,614.227848101266
2015-02-15,609.05
2015-02-19,569.590361445783
2015-02-23,714.894366197183
2015-02-27,667.592105263158
2015-03-03,702.411392405063
2015-03-07,653.607142857143
2015-03-11,654.318181818182
2015-03-15,593.944055944056
2015-03-19,775.890510948905
2015-03-23,731.165517241379
2015-03-27,581.818713450292
2015-03-31,767.406666666667
2015-04-04,585.954248366013
2015-04-08,886.008
2015-04-12,679.6796875
2015-04-16,717.724637681159
2015-04-20,758.090909090909
2015-04-24,877.225806451613
2015-04-28,739.823529411765
2015-05-02,646.952380952381
2015-05-06,693.993788819876
2015-05-10,693.093023255814
2015-05-14,659.636363636364
2015-05-18,684.569444444444
2015-05-22,744.710144927536
2015-05-26,752.666666666667
2015-05-30,939.713235294118
2015-06-03,898.591549295775
2015-06-07,561.255033557047
2015-06-11,893.511111111111
2015-06-15,898.534722222222
2015-06-19,851.850340136054
2015-06-23,896.857142857143
2015-06-27,821.736434108527
2015-07-01,1067.4962962963
2015-07-05,810.450704225352
2015-07-09,1437.31578947368
2015-07-13,1079.02027027027
2015-07-17,795.278911564626
2015-07-21,1053.42519685039
2015-07-25,652.883116883117
2015-07-29,942.105263157895
2015-08-02,686.092715231788
2015-08-06,942.923076923077
2015-08-10,699.646706586826
2015-08-14,783.485915492958
2015-08-18,849.631205673759
2015-08-22,668.76582278481
2015-08-26,763.055900621118
2015-08-30,655.593333333333
2015-09-03,881.383561643836
2015-09-07,825.440789473684
2015-09-11,1139.25316455696
2015-09-15,1018.74375
2015-09-19,918.808
2015-09-23,831.645569620253
2015-09-27,729.859060402685
2015-10-01,901.523489932886
2015-10-05,820.575163398693
2015-10-09,909.873015873016
2015-10-13,984.510948905109
2015-10-17,999.345588235294
2015-10-21,1043.04861111111
2015-10-25,848.309677419355
2015-10-29,1066.6357615894
2015-11-02,1124.88888888889
2015-11-06,1150.98620689655
2015-11-10,1109.32876712329
2015-11-14,1059.67605633803
2015-11-18,1080.18954248366
2015-11-22,753.831395348837
2015-11-26,935.630681818182
2015-11-30,1127.45679012346
2015-12-04,1134.54901960784
2015-12-08,1115.54857142857
2015-12-12,1260.12962962963
2015-12-16,1352.26993865031
2015-12-20,1174.8303030303
2015-12-24,1523.39130434783
2015-12-28,1146.54966887417
2016-01-01,919.2
2016-01-05,1161.59872611465
2016-01-09,1191.84105960265
2016-01-13,1271.15540540541
2016-01-17,1351.84105960265
2016-01-21,1625.86131386861
2016-01-25,1371.2962962963
2016-01-29,1327.77514792899
2016-02-02,1342.9
2016-02-06,1120.78
2016-02-10,1436.14024390244
2016-02-14,1121.01204819277
2016-02-18,1260.23076923077
2016-02-22,1871.62204724409
2016-02-26,1454.53571428571
2016-03-01,1965.20567375887
2016-03-05,1566.61333333333
2016-03-09,1133.2619047619
2016-03-13,1126.33834586466
2016-03-17,1477.43971631206
2016-03-21,1431.69784172662
2016-03-25,1180.19863013699
2016-03-29,1257.3821656051
2016-04-02,1320.1654676259
2016-04-06,1396.75159235669
2016-04-10,1080.65895953757
2016-04-14,1389.80487804878
2016-04-18,1644.73880597015
2016-04-22,1475.35664335664
2016-04-26,1660.55629139073
2016-04-30,1477.47945205479
2016-05-04,1399.34730538922
2016-05-08,1125.14880952381
2016-05-12,1643.23021582734
2016-05-16,1700.77304964539
2016-05-20,1405.34228187919
2016-05-24,1676.98639455782
2016-05-28,1451.53383458647
2016-06-01,1639.04895104895
2016-06-05,1116.48235294118
2016-06-09,1432.44242424242
2016-06-13,1561.2049689441
2016-06-17,1703.03355704698
2016-06-21,1665.53020134228
2016-06-25,1277.27777777778
2016-06-29,1535.01369863014
2016-07-03,1150.17532467532
2016-07-07,1573.34306569343
2016-07-11,1525.0979020979
2016-07-15,1600.6
2016-07-19,1735.515625
2016-07-23,1494.62595419847
2016-07-27,1840.6484375
2016-07-31,1248.4025974026
2016-08-04,1515.2614379085
2016-08-08,1589.83108108108
2016-08-12,1563.57718120805
2016-08-16,1884.67407407407
2016-08-20,1343.38064516129
2016-08-24,1546.90789473684
2016-08-28,1147.95394736842
2016-09-01,1696.18571428571
2016-09-05,1626.30714285714
2016-09-09,1553.05633802817
2016-09-13,1453.85454545455
2016-09-17,1322.26380368098
2016-09-21,1441.06024096386
2016-09-25,1057.52432432432
2016-09-29,1697.41258741259
2016-10-03,1711.1
2016-10-07,1862.40559440559
2016-10-11,1896.15107913669
2016-10-15,1482.02816901408
2016-10-19,1592.664
2016-10-23,1330.40277777778
2016-10-27,2014.74074074074
2016-10-31,1644.74829931973
2016-11-04,2138.30172413793
2016-11-08,1751.83431952663
2016-11-12,1362.41666666667
2016-11-16,1694.67251461988
2016-11-20,1903.0546875
2016-11-24,2028.01234567901
2016-11-28,1820.30487804878
2016-12-02,2206.13986013986
2016-12-06,2131.74666666667
2016-12-10,1895.76515151515
2016-12-14,2059.91366906475
2016-12-18,1672.26241134752
2016-12-22,1978.89308176101
2016-12-26,1724.74647887324
2016-12-30,1826.86624203822
2017-01-03,1839.41463414634
2017-01-07,2043.91304347826
2017-01-11,1980.77124183007
2017-01-15,1413.16766467066
2017-01-19,1727.61494252874
2017-01-23,1706.73913043478
2017-01-27,1549.01176470588
2017-01-31,2121.95172413793
2017-02-04,1977.625
2017-02-08,2111.75342465753
2017-02-12,1698.17142857143
2017-02-16,1875.51655629139
2017-02-20,1910.32432432432
2017-02-24,2109.23312883436
2017-02-28,2126.88888888889
2017-03-04,2013.48484848485
2017-03-08,2092.30985915493
2017-03-12,1426.51612903226
2017-03-16,2137.47712418301
2017-03-20,2037.00735294118
2017-03-24,1645.00568181818
2017-03-28,1896.78064516129
2017-04-01,1938.41666666667
2017-04-05,1954.04320987654
2017-04-09,1498.65408805031
2017-04-13,1800.62204724409
2017-04-17,1776.69565217391
2017-04-21,1978.16766467066
2017-04-25,2198.56081081081
2017-04-29,1972.94219653179
2017-05-03,2235.97727272727
2017-05-07,1892.28143712575
2017-05-11,2183.28148148148
2017-05-15,1936.64117647059
2017-05-19,1948.18292682927
2017-05-23,2188.75
2017-05-27,1975.67857142857
2017-05-31,1961.18292682927
2017-06-04,1652.44720496894
2017-06-08,1862.89090909091
2017-06-12,1830.59863945578
2017-06-16,1823.89864864865
2017-06-20,1952.44927536232
2017-06-24,1555.66438356164
2017-06-28,1782.23566878981
2017-07-02,1045.42021276596
2017-07-06,1585.25352112676
2017-07-10,1277.77664974619
2017-07-14,1639.58992805755
2017-07-18,1579.24242424242
2017-07-22,1395.9875
2017-07-26,1618.04761904762
2017-07-30,1252.68707482993
2017-08-03,1543.60144927536
2017-08-07,1627.46405228758
2017-08-11,1972.22916666667
2017-08-15,2046.06578947368
2017-08-19,1767.09933774834
2017-08-23,1985.74842767296
2017-08-27,1689.61935483871
2017-08-31,1722.23312883436
2017-09-04,1538.74285714286
2017-09-08,1597.07428571429
2017-09-12,1362.92553191489
2017-09-16,1350.63313609467
2017-09-20,2014.7264957265
2017-09-24,1277.7724137931
2017-09-28,1559.18644067797
2017-10-02,1966.68
2017-10-06,1784.27044025157
2017-10-10,1894.38125
2017-10-14,2079.00709219858
2017-10-18,2182.64238410596
2017-10-22,1588.63186813187
2017-10-26,1476.81666666667
2017-10-30,2150.18367346939
2017-11-03,2332.75630252101
2017-11-07,2151.51282051282
2017-11-11,2433.0987654321
2017-11-15,2117.02631578947
2017-11-19,1655.34375
2017-11-23,2243.35668789809
2017-11-27,2230.91764705882
2017-12-01,2256.32786885246
2017-12-05,2279.26404494382
2017-12-09,2318.38505747126
2017-12-13,2282.68279569892
2017-12-17,2118.43243243243
2017-12-21,2541.5303030303
2017-12-25,1695.74814814815
2017-12-29,2144.38787878788
2018-01-02,1994.0350877193
2018-01-06,2135.99404761905
2018-01-10,2092.72891566265
2018-01-14,1516.41935483871
2018-01-18,1788.98843930636
2018-01-22,1470.43113772455
2018-01-26,1422.31612903226
2018-01-30,1416.82035928144
2018-02-03,1233.48734177215
2018-02-07,1515.73758865248
2018-02-11,974.887417218543
2018-02-15,1512.84732824427
2018-02-19,1156.58641975309
2018-02-23,1251.30405405405
2018-02-27,1372.65
2018-03-03,983.466666666667
2018-03-07,1362.91719745223
2018-03-11,986.169934640523
2018-03-15,1431.84722222222
2018-03-19,1235.66451612903
2018-03-23,1352.01503759398
2018-03-27,1230.69078947368
2018-03-31,1161.0703125
2018-04-04,1263.33333333333
2018-04-08,860.465838509317
2018-04-12,1369.34415584416
2018-04-16,1390.82269503546
2018-04-20,1516.6204379562
2018-04-24,1600.58490566038
2018-04-28,1591.2578125
2018-05-02,1516.4
2018-05-06,1253.7299270073
2018-05-10,1356.88961038961
2018-05-14,1588.61363636364
2018-05-18,1429.02702702703
2018-05-22,1346.60264900662
2018-05-26,980.141975308642
2018-05-30,1172.85632183908
2018-06-03,1002.71779141104
2018-06-07,1451.93706293706
2018-06-11,1522.82857142857
2018-06-15,1345.49673202614
2018-06-19,1237.45161290323
2018-06-23,1020.59375
2018-06-27,1557.93388429752
2018-07-01,1062.90476190476
2018-07-05,1456.93430656934
2018-07-09,1518.72058823529
2018-07-13,1453.87412587413
2018-07-17,1471.48427672956
2018-07-21,1348.92700729927
2018-07-25,1413.60451977401
2018-07-29,990.629411764706
2018-08-02,1469.75816993464
2018-08-06,1668.75572519084
2018-08-10,1284.93181818182
2018-08-14,1820.75
2018-08-18,1193.34375
2018-08-22,1439.58125
2018-08-26,998.537572254335
2018-08-30,1502.53896103896
2018-09-03,1547.89583333333
2018-09-07,1518.35526315789
2018-09-11,1684.90070921986
2018-09-15,1507.65
2018-09-19,1609.21153846154
2018-09-23,1335.46
2018-09-27,1739.06293706294
2018-10-01,1536.83544303797
2018-10-05,1882.45384615385
2018-10-09,1814.32307692308
2018-10-13,1454.58865248227
2018-10-17,1886.68115942029
2018-10-21,1532.64492753623
2018-10-25,1858.38686131387
2018-10-29,1847.6301369863
2018-11-02,2046.88111888112
2018-11-06,2230.0859375
2018-11-10,1927.47328244275
2018-11-14,2168.55555555556
2018-11-18,1949.61788617886
2018-11-22,2181.27868852459
2018-11-26,2315.87387387387
2018-11-30,2476.80198019802
2018-12-04,1957.89130434783
2018-12-08,1819.71653543307
2018-12-12,2178.525
2018-12-16,1969.15652173913
2018-12-20,2127.94814814815
2018-12-24,1791.42763157895
2018-12-28,1845.91017964072
2019-01-01,1575.3355704698
2019-01-05,1626.94478527607
2019-01-09,1945.46341463415
2019-01-13,2021.87591240876
2019-01-17,2336.1811023622
2019-01-21,2101.34666666667
2019-01-25,2181.77536231884
2019-01-29,2233.98630136986
2019-02-02,2236.33333333333
2019-02-06,2131.68292682927
2019-02-10,2140.06428571429
2019-02-14,2514.06382978723
2019-02-18,2221.12258064516
2019-02-22,2162.38271604938
2019-02-26,2276.8198757764
2019-03-02,2544.42424242424
2019-03-06,2170.8046875
2019-03-10,1565.27205882353
2019-03-14,1935.02580645161
2019-03-18,1810.5900621118
2019-03-22,1854.18633540373
2019-03-26,2734.44029850746
2019-03-30,2717.86330935252
2019-04-03,2536.97183098592
2019-04-07,2486.74468085106
2019-04-11,2565.6178343949
2019-04-15,2630.84827586207
2019-04-19,2382.42105263158
2019-04-23,2687.52586206897
2019-04-27,2620.49635036496
2019-05-01,2570.46198830409
2019-05-05,2563.81395348837
2019-05-09,2410.46
2019-05-13,2337.89221556886
2019-05-17,2395.05960264901
2019-05-21,2489.47058823529
2019-05-25,2417.12857142857
2019-05-29,2328.47701149425
2019-06-02,2297.73282442748
2019-06-06,2321.82165605096
2019-06-10,2252.41401273885
2019-06-14,2156.1124260355
2019-06-18,2422.34969325153
2019-06-22,2511.17021276596
2019-06-26,2421.96363636364
2019-06-30,2175.86184210526
2019-07-04,2219.78443113772
2019-07-08,2129.02247191011
2019-07-12,2200.60365853659
2019-07-16,2242.82098765432
2019-07-20,1824.87005649718
2019-07-24,2126.53956834532
2019-07-28,1559.85142857143
2019-08-01,2365.79577464789
2019-08-05,2371.58041958042
2019-08-09,2320.57823129252
2019-08-13,2361.44585987261
2019-08-17,2252.0
2019-08-21,2270.64705882353
2019-08-25,1864.09032258065
2019-08-29,2101.41818181818
2019-09-02,2196.29530201342
2019-09-06,2313.48734177215
2019-09-10,1867.35164835165
2019-09-14,1934.8
2019-09-18,2087.27011494253
2019-09-22,1919.9578313253
2019-09-26,2080.55555555556
2019-09-30,2395.35384615385
2019-10-04,2294.02721088435
2019-10-08,2076.25925925926
2019-10-12,2268.36842105263
2019-10-16,2366.94405594406
2019-10-20,1984.90410958904
2019-10-24,2284.53383458647
2019-10-28,2310.52985074627
2019-11-01,2432.20769230769
2019-11-05,2311.38194444444
2019-11-09,2126.13194444444
2019-11-13,2362.55555555556
2019-11-17,1716.68831168831
2019-11-21,2364.62773722628
2019-11-25,2235.76
2019-11-29,2288.89705882353
2019-12-03,2129.82278481013
2019-12-07,1840.54193548387
2019-12-11,2206.42424242424
2019-12-15,2124.52419354839
2019-12-19,2035.3821656051
2019-12-23,2131.78321678322
2019-12-27,2222.09655172414
2019-12-31,2023.7724137931
2020-01-04,1709.6130952381
2020-01-08,2239.57042253521
2020-01-12,1875.07284768212
2020-01-16,2049.98113207547
2020-01-20,2063.55921052632
2020-01-24,2065.04605263158
2020-01-28,2394.7323943662
2020-02-01,2011.41721854305
2020-02-05,2318.2641509434
2020-02-09,2072.35294117647
2020-02-13,2411.9219858156
2020-02-17,2175.10191082803
2020-02-21,2197.94805194805
2020-02-25,2323.5625
2020-02-29,2212.42446043165
2020-03-04,2148.17365269461
2020-03-08,1915.78481012658
2020-03-12,2317.73509933775
2020-03-16,2272.26050420168
2020-03-20,2610.95412844037
2020-03-24,2107.05303030303
2020-03-28,1782.42222222222
2020-04-01,1842.18954248366
2020-04-05,1372.90857142857
2020-04-09,1861.72727272727
2020-04-13,1684.87134502924
2020-04-17,2237.96850393701
2020-04-21,2086.24832214765
2020-04-25,2064.74264705882
2020-04-29,2285.52413793103
2020-05-03,1677.09523809524
2020-05-07,2326.43537414966
2020-05-11,1948.01910828025
2020-05-15,2485.136
2020-05-19,2390.40869565217
2020-05-23,2262.43697478992
2020-05-27,2122.65942028986
2020-05-31,1722.84666666667
2020-06-04,2107.84768211921
2020-06-08,1958.48765432099
2020-06-12,1952.60122699387
2020-06-16,2270.11333333333
2020-06-20,2073.89051094891
2020-06-24,2246.91366906475
2020-06-28,1766.06
2020-07-02,2069.93292682927
2020-07-06,2199.78571428571
2020-07-10,2149.04347826087
2020-07-14,2498.9375
2020-07-18,2392.47692307692
2020-07-22,2533.27777777778
2020-07-26,1889.74683544304
2020-07-30,2428.06666666667
2020-08-03,2060.2037037037
2020-08-07,2148.01973684211
2020-08-11,2272.41558441558
2020-08-15,2011.28205128205
2020-08-19,2419.413043478261
2020-08-23,1839.031847133758
2020-08-27,2543.8527131782944
2020-08-31,2019.4666666666667
2020-09-04,2209.525925925926
2020-09-08,2146.2451612903224
2020-09-12,1765.6
2020-09-16,2210.3806451612904
2020-09-20,1824.612676056338
2020-09-24,2310.598540145985
2020-09-28,2290.5116279069766
2020-10-02,2319.4338235294117
2020-10-06,2445.5538461538463
2020-10-10,2087.3146853146854
2020-10-14,2111.013422818792
2020-10-18,1929.6416666666667
2020-10-22,2475.087591240876
2020-10-26,2295.4
2020-10-30,2417.6936936936936
2020-11-03,2369.092857142857
2020-11-07,1855.486301369863
2020-11-11,2192.360544217687
2020-11-15,1684.7666666666667
2020-11-19,2270.5182481751826
2020-11-23,2026.1224489795918
2020-11-27,2093.7987012987014
2020-12-01,2487.2894736842104
2020-12-05,1962.4930555555557
2020-12-09,2309.9208633093526
2020-12-13,1770.2564102564102
2020-12-17,2399.077519379845
2020-12-21,1984.0735294117646
2020-12-25,2110.4236111111113
2020-12-29,2212.5723684210525
2021-01-02,1967.6225165562914
2021-01-06,2245.107344632768
2021-01-10,2087.2012578616354
2021-01-14,2304.8231292517007
2021-01-18,2164.248275862069
2021-01-22,2302.3591549295775
2021-01-26,2092.7639751552797
2021-01-30,2296.419117647059
2021-02-03,2296.1666666666665
2021-02-07,1835.6666666666667
2021-02-11,2362.3178294573645
2021-02-15,2043.0198675496688
2021-02-19,2232.5882352941176
2021-02-23,2266.803149606299
2021-02-27,2043.2101910828026
2021-03-03,2193.434210526316
2021-03-07,1785.8835616438357
2021-03-11,2206.401515151515
2021-03-15,1974.5337837837837
2021-03-19,2136.3513513513512
2021-03-23,1951.7639751552795
2021-03-27,1812.9496855345913
2021-03-31,2119.420382165605
2021-04-04,1684.9794520547946
2021-04-08,2078.6119402985073
2021-04-12,2023.3958333333333
2021-04-16,2133.0485436893205
2021-04-20,2187.3203125
2021-04-24,2004.7586206896551
2021-04-28,1951.5915492957747
2021-05-02,1271.427027027027
2021-05-06,1831.6470588235295
2021-05-10,1684.9833333333333
2021-05-14,1985.4850746268658
2021-05-18,2210.18
2021-05-22,1929.3103448275863
2021-05-26,1891.4180327868853
2021-05-30,1248.576388888889
2021-06-03,1738.9183673469388
2021-06-07,1770.5187969924812
2021-06-11,2061.9238095238097
2021-06-15,1846.2671755725191
2021-06-19,1815.9417475728155
2021-06-23,2304.0
2021-06-27,2112.5423728813557
2021-07-01,2423.7157894736843
2021-07-05,1695.1515151515152
2021-07-09,1736.7251908396947
2021-07-13,1690.5588235294117
2021-07-17,1273.055944055944
2021-07-21,1625.3793103448277
2021-07-25,1140.751633986928
2021-07-29,1641.325
2021-08-02,1673.2657342657342
2021-08-06,1640.314465408805
2021-08-10,1581.6242424242423
2021-08-14,1274.841463414634
2021-08-18,1832.0962962962963
2021-08-22,1162.3841463414635
2021-08-26,1771.164383561644
2021-08-30,1858.9259259259259
2021-09-03,1918.8581081081081
2021-09-07,1808.0
2021-09-11,1475.9797297297298
2021-09-15,1894.0633802816901
2021-09-19,1253.225
2021-09-23,1628.418181818182
2021-09-27,1650.7935483870967
2021-10-01,1978.8714285714286
2021-10-05,1905.719512195122
2021-10-09,1641.26
2021-10-13,1709.5621301775147
2021-10-17,1349.26875
2021-10-21,2167.1824324324325
2021-10-25,1564.1758241758241
2021-10-29,1787.9122807017543
2021-11-02,1882.2911392405063
2021-11-06,1533.9805194805194
2021-11-10,2020.3020134228188
2021-11-14,1426.8535031847134
2021-11-18,2040.7430555555557
2021-11-22,1979.8936170212767
2021-11-26,2217.007575757576
2021-11-30,2193.10447761194
2021-12-04,1636.6064516129031
2021-12-08,1583.9880952380952
2021-12-12,1534.3428571428572
2021-12-16,2227.878260869565
2021-12-20,1853.798611111111
2021-12-24,1725.5960264900662
2021-12-28,1980.7611940298507
2022-01-01,1086.2441860465117
2022-01-05,1814.3666666666666
2022-01-09,1490.3758865248226
2022-01-13,1533.6033519553073
2022-01-17,1603.3602484472049
2022-01-21,2032.44776119403
2022-01-25,1744.2631578947369
2022-01-29,1550.5906040268455
2022-02-02,1823.4313725490197
2022-02-06,1405.1025641025642
2022-02-10,1774.2380952380952
2022-02-14,1618.248366013072
2022-02-18,1948.1716417910447
2022-02-22,1712.2697368421052
2022-02-26,1763.384
2022-03-02,2122.4779411764707
2022-03-06,1581.0381679389313
2022-03-10,1803.8137931034482
2022-03-14,1696.6797385620914
2022-03-18,1827.3986013986014
2022-03-22,1775.6308724832215
2022-03-26,1434.975155279503
2022-03-30,2021.2148148148149
2022-04-03,1622.7625899280577
2022-04-07,1952.2028985507247
2022-04-11,2019.14598540146
2022-04-15,1612.8544303797469
2022-04-19,2202.967741935484
2022-04-23,1441.5828220858896
2022-04-27,1688.8529411764705
2022-05-01,1391.1497005988024
2022-05-05,2011.2038216560509
2022-05-09,1803.2967741935483
2022-05-13,1775.5263157894738
2022-05-17,1894.530612244898
2022-05-21,1668.3333333333333
2022-05-25,2005.8472222222222
2022-05-29,1395.0268456375838
2022-06-02,2119.208
2022-06-06,1792.8066666666666
2022-06-10,1781.3333333333333
2022-06-14,1939.9383561643835
2022-06-18,1589.0384615384614
2022-06-22,1980.4031007751937
2022-06-26,1498.2246376811595
2022-06-30,1586.0409356725147
2022-07-04,1681.013986013986
2022-07-08,1813.0472972972973
2022-07-12,1823.6953642384105
2022-07-16,1531.337837837838
2022-07-20,2065.0396825396824
2022-07-24,1273.3694267515923
2022-07-28,2037.2624113475176
2022-08-01,1835.3676470588234
2022-08-05,1789.7533333333333
2022-08-09,1791.8391608391607
2022-08-13,1678.474820143885
2022-08-17,1985.4806201550387
2022-08-21,1407.0890410958905
2022-08-25,1638.1132075471698
2022-08-29,1606.592356687898
2022-09-02,2097.5813953488373
2022-09-06,1888.2042253521126
2022-09-10,1540.9936305732483
2022-09-14,2128.417322834646
2022-09-18,1379.1948051948052
2022-09-22,1920.265625
2022-09-26,1728.74
2022-09-30,1696.284023668639
2022-10-04,1710.0858895705521
2022-10-08,1345.702857142857
2022-10-12,1906.5401459854015
2022-10-16,1478.6041666666667
2022-10-20,1820.5931034482758
2022-10-24,1944.75
2022-10-28,1780.0943396226414
2022-11-01,1918.0
2022-11-05,1703.2980132450332
2022-11-09,1961.510067114094
2022-11-13,1764.6821705426357
2022-11-17,1800.4710144927535
2022-11-21,2099.062015503876
2022-11-25,2100.3333333333335
2022-11-29,2072.610687022901
2022-12-03,1915.6564885496184
2022-12-07,1583.3023255813953
2022-12-11,1481.5510204081634
2022-12-15,1990.7410071942445
2022-12-19,1905.1176470588234
2022-12-23,2075.1969696969695
2022-12-27,2081.3826086956524
2022-12-31,1553.3653846153845
2023-01-04,1943.6083916083917
2023-01-08,1493.3856209150326
2023-01-12,2092.582781456954
2023-01-16,2059.891156462585
2023-01-20,2241.0757575757575
2023-01-24,2271.0852713178297
2023-01-28,1600.2916666666667
2023-02-01,2522.3430656934306
2023-02-05,1671.796052631579
2023-02-09,2280.858024691358
2023-02-13,1918.775641025641
2023-02-17,1947.030303030303
2023-02-21,1739.2634730538923
2023-02-25,2415.07476635514
2023-03-01,2246.6588235294116
2023-03-05,1849.2774193548387
2023-03-09,2495.214814814815
2023-03-13,2121.7006369426754
2023-03-17,2304.918367346939
2023-03-21,2261.6
2023-03-25,2001.3586206896553
2023-03-29,2276.4421768707484
2023-04-02,2292.7651006711408
2023-04-06,2212.61875
2023-04-10,2354.6747967479673
2023-04-14,2256.85
2023-04-18,1882.6626506024097
2023-04-22,2380.8859060402683
2023-04-26,3357.392307692308
2023-04-30,3841.324324324324
2023-05-04,3363.8561643835615
2023-05-08,4197.4525547445255
2023-05-12,3611.0567375886526
2023-05-16,3702.3660130718954
2023-05-20,3234.625954198473
2023-05-24,2876.0354609929077
2023-05-28,3100.9875
2023-06-01,2696.8636363636365
2023-06-05,2603.289855072464
2023-06-09,2290.437869822485
2023-06-13,2792.401360544218
2023-06-17,3394.657142857143
2023-06-21,3002.314049586777
2023-06-25,2501.7581699346406
2023-06-29,3001.321917808219
2023-07-03,2394.992700729927
2023-07-07,3177.2228571428573
2023-07-11,3202.17037037037
2023-07-15,3514.3478260869565
2023-07-19,3244.925675675676
2023-07-23,3806.9659863945576
2023-07-27,2993.0289855072465
2023-07-31,3160.751773049645
2023-08-04,2632.115702479339
2023-08-08,2649.552
2023-08-12,3017.568862275449
2023-08-16,3477.7791411042945
2023-08-20,3780.6234567901233
2023-08-24,2871.589928057554
2023-08-28,2808.008474576271
2023-09-01,2778.46357615894
2023-09-05,3726.5564516129034
2023-09-09,3956.3509933774835
2023-09-13,3486.0272108843537
2023-09-17,4102.147651006711
2023-09-21,3127.1014492753625
2023-09-25,1970.6896551724137
2023-09-29,2246.7278911564626
2023-10-03,1894.2926829268292
2023-10-07,1430.2163742690059
2023-10-11,1653.75
2023-10-15,1508.5209580838323
2023-10-19,2014.3357142857142
2023-10-23,1922.1656050955414
2023-10-27,2940.3636363636365
2023-10-31,2798.393548387097
2023-11-04,4160.2202380952385
2023-11-08,3914.1006711409395
2023-11-12,4368.490683229814
2023-11-16,4246.121621621622
2023-11-20,3859.4578313253014
2023-11-24,3713.6785714285716
2023-11-28,3045.3197278911566
2023-12-02,3380.803149606299
2023-12-06,3439.669117647059
2023-12-10,3829.8214285714284
2023-12-14,3910.8561643835615
2023-12-18,3815.095238095238
2023-12-22,3723.3988095238096
2023-12-26,3983.4028776978416
2023-12-30,3681.537931034483
2024-01-03,3181.9556962025317
2024-01-07,2954.9830508474574
2024-01-11,2595.809248554913
2024-01-15,3583.3245614035086
2024-01-19,3490.628787878788
2024-01-23,2392.6103896103896
2024-01-27,3493.8362573099416
2024-01-31,3392.7480916030536
2024-02-04,2169.1032258064515
2024-02-08,2065.949275362319
2024-02-12,2290.0055865921786
2024-02-16,2334.194029850746
2024-02-20,2816.2836879432625
2024-02-24,2484.810218978102
2024-02-28,2777.181208053691
2024-03-03,2486.7548387096776
2024-03-07,2424.133333333333
2024-03-11,2318.2235294117645
2024-03-15,2424.4409448818897
2024-03-19,2955.108280254777
2024-03-23,2093.653846153846
2024-03-27,2616.926470588235
2024-03-31,2333.394160583942
2024-04-04,2323.2391304347825
2024-04-08,2883.6518987341774
2024-04-12,3297.7132352941176
2024-04-16,2755.569696969697
2024-04-20,4853.8538461538465
2024-04-24,3914.277419354839
2024-04-28,3482.292857142857
2024-05-02,3860.958620689655
2024-05-06,4260.795081967213
2024-05-10,4922.696551724138
2024-05-14,3103.2573529411766
2024-05-18,3134.875
2024-05-22,3812.281045751634
2024-05-26,5075.327380952381
2024-05-30,4149.731707317073
2024-06-03,4899.515923566879
2024-06-07,1859.0281690140846
2024-06-11,3770.2195121951218
2024-06-15,3380.186567164179
2024-06-19,4631.78102189781
2024-06-23,4396.0
2024-06-27,3189.4153846153845
2024-07-01,4333.77304964539
2024-07-05,4054.0247933884298
2024-07-09,4246.993506493506
2024-07-13,4777.181818181818
2024-07-17,3873.396226415094
2024-07-21,5086.5621301775145
2024-07-25,4415.40490797546
2024-07-29,4641.1741573033705
2024-08-02,3280.904
2024-08-06,3465.5214285714287
2024-08-10,4254.085271317829
2024-08-14,3823.492424242424
2024-08-18,4933.98717948718
2024-08-22,4969.3875
2024-08-26,4483.0
2024-08-30,3817.612676056338
2024-09-03,3911.0805369127515
2024-09-07,4945.734177215189
2024-09-11,3809.277777777778
2024-09-15,4718.3708609271525
2024-09-19,3735.3032786885246
2024-09-23,3973.301369863014
2024-09-27,3297.2481751824816
2024-10-01,4031.171974522293
2024-10-05,5017.05298013245
2024-10-09,4227.456692913386
2024-10-13,4701.007246376812
2024-10-17,4159.407643312102
2024-10-21,4883.105263157895
2024-10-25,3424.9281045751636
2024-10-29,3917.076433121019
2024-11-02,3862.496453900709
2024-11-06,3278.699346405229
2024-11-10,3772.1486486486488
2024-11-14,3965.0866141732286
2024-11-18,4316.076923076923
2024-11-22,3778.3566433566434
2024-11-26,3422.223021582734
2024-11-30,3908.189024390244
2024-12-04,3421.170068027211
2024-12-08,2878.904109589041
2024-12-12,3209.310810810811
2024-12-16,2788.8310810810813
2024-12-20,2640.198675496689
2024-12-24,2474.0151515151515
2024-12-28,2087.972027972028
2025-01-01,2087.2357142857145
2025-01-05,2781.75641025641
2025-01-09,3513.2434210526317
2025-01-13,3189.4375
2025-01-17,2837.74
2025-01-21,2439.187969924812
2025-01-25,2648.34375
2025-01-29,2292.4645161290323
2025-02-02,2241.2748538011697
2025-02-06,2953.9724137931034
2025-02-10,2586.4892086330933
2025-02-14,2276.3289473684213
2025-02-18,3019.35
2025-02-22,3970.136690647482
2025-02-26,2570.541401273885
2025-03-02,2102.4761904761904
2025-03-06,2178.5235294117647
2025-03-10,2897.5584415584417
2025-03-14,3092.8802816901407
2025-03-18,2600.260563380282
2025-03-22,2758.9266666666667
2025-03-26,3388.6052631578946
2025-03-30,2227.78102189781
2025-04-03,2579.2302631578946
