Date,Fees Per Transaction
2009-01-17,0.0
2009-01-21,0.0
2009-01-25,0.0
2009-01-29,0.0
2009-02-02,0.0
2009-02-06,0.0
2009-02-10,0.0
2009-02-14,0.0
2009-02-18,0.0
2009-02-22,0.0
2009-02-26,0.0
2009-03-02,0.0
2009-03-06,0.0
2009-03-10,0.0
2009-03-14,0.0
2009-03-18,0.0
2009-03-22,0.0
2009-03-26,0.0
2009-03-30,0.0
2009-04-03,0.0
2009-04-07,0.0
2009-04-11,0.0
2009-04-15,0.0
2009-04-19,0.0
2009-04-23,0.0
2009-04-27,0.0
2009-05-01,0.0
2009-05-05,0.0
2009-05-09,0.0
2009-05-13,0.0
2009-05-17,0.0
2009-05-21,0.0
2009-05-25,0.0
2009-05-29,0.0
2009-06-02,0.0
2009-06-06,0.0
2009-06-10,0.0
2009-06-14,0.0
2009-06-18,0.0
2009-06-22,0.0
2009-06-26,0.0
2009-06-30,0.0
2009-07-04,0.0
2009-07-08,0.0
2009-07-12,0.0
2009-07-16,0.0
2009-07-20,0.0
2009-07-24,0.0
2009-07-28,0.0
2009-08-01,0.0
2009-08-05,0.0
2009-08-09,0.0
2009-08-13,0.0
2009-08-17,0.0
2009-08-21,0.0
2009-08-25,0.0
2009-08-29,0.0
2009-09-02,0.0
2009-09-06,0.0
2009-09-10,0.0
2009-09-14,0.0
2009-09-18,0.0
2009-09-22,0.0
2009-09-26,0.0
2009-09-30,0.0
2009-10-04,0.0
2009-10-08,0.0
2009-10-12,0.0
2009-10-16,0.0
2009-10-20,0.0
2009-10-24,0.0
2009-10-28,0.0
2009-11-01,0.0
2009-11-05,0.0
2009-11-09,0.0
2009-11-13,0.0
2009-11-17,0.0
2009-11-21,0.0
2009-11-25,0.0
2009-11-29,0.0
2009-12-03,0.0
2009-12-07,0.0
2009-12-11,0.0
2009-12-15,0.0
2009-12-19,0.0
2009-12-23,0.0
2009-12-27,0.0
2009-12-31,0.0
2010-01-04,0.0
2010-01-08,0.0
2010-01-12,0.0
2010-01-16,0.0
2010-01-20,0.0
2010-01-24,0.0
2010-01-28,0.0
2010-02-01,0.0
2010-02-05,0.0
2010-02-09,0.0
2010-02-13,0.0
2010-02-17,0.0
2010-02-21,0.0
2010-02-25,0.0
2010-03-01,0.0
2010-03-05,0.0
2010-03-09,0.0
2010-03-13,0.0
2010-03-17,0.0
2010-03-21,0.0
2010-03-25,0.0
2010-03-29,0.0
2010-04-02,0.0
2010-04-06,0.0
2010-04-10,0.0
2010-04-14,0.0
2010-04-18,0.0
2010-04-22,0.0
2010-04-26,0.0
2010-04-30,0.0
2010-05-04,0.0
2010-05-08,0.0
2010-05-12,0.0
2010-05-16,0.0
2010-05-20,0.0
2010-05-24,0.0
2010-05-28,0.0
2010-06-01,0.0
2010-06-05,0.0
2010-06-09,0.0
2010-06-13,0.0
2010-06-17,0.0
2010-06-21,0.0
2010-06-25,0.0
2010-06-29,0.0
2010-07-03,0.0
2010-07-07,0.0
2010-07-11,0.0
2010-07-15,0.0
2010-07-19,0.0
2010-07-23,0.0
2010-07-27,0.0
2010-07-31,0.0
2010-08-04,0.0
2010-08-08,0.0
2010-08-12,0.0
2010-08-16,0.0
2010-08-20,0.0
2010-08-24,0.000146596858638743
2010-08-28,2.27138643067847e-10
2010-09-01,1.26316105263158e-05
2010-09-05,1.92926045016077e-06
2010-09-09,2.02454171779141e-05
2010-09-13,1.36674259681093e-11
2010-09-17,0.0
2010-09-21,7.36196319018405e-12
2010-09-25,0.0
2010-09-29,0.0
2010-10-03,1.22625e-06
2010-10-07,0.0
2010-10-11,3.80232558139535e-10
2010-10-15,0.0
2010-10-19,0.0
2010-10-23,8.62068965517241e-06
2010-10-27,0.0
2010-10-31,0.0
2010-11-04,0.0
2010-11-08,0.000750192307692308
2010-11-12,0.0
2010-11-16,0.0
2010-11-20,2.90528046024245e-05
2010-11-24,1.47133434804668e-05
2010-11-28,0.0
2010-12-02,2.98701298701299e-05
2010-12-06,2.15623234439834e-05
2010-12-10,4.29333333333333e-05
2010-12-14,1.7664646310832e-05
2010-12-18,3.32014171656687e-05
2010-12-22,6.7473578028169e-05
2010-12-26,4.49171726190476e-05
2010-12-30,4.62698764607679e-05
2011-01-03,0.000193684579787234
2011-01-07,1.56353807205453e-05
2011-01-11,1.16941582530949e-05
2011-01-15,4.62193221221221e-05
2011-01-19,1.99370409233998e-05
2011-01-23,0.000139095001531531
2011-01-27,0.000296470588235294
2011-01-31,0.000260571428571429
2011-02-04,0.000100007101244813
2011-02-08,0.000186705178947368
2011-02-12,0.000399647186297071
2011-02-16,0.000304443382704252
2011-02-20,0.000101522842639594
2011-02-24,7.45135565949485e-05
2011-02-28,0.000289034662325581
2011-03-04,0.000341805247225025
2011-03-08,0.00143512545527678
2011-03-12,0.000489174436858006
2011-03-16,0.000511781338360038
2011-03-20,0.000693633510371442
2011-03-24,0.00306209517393526
2011-03-28,0.0013387269681742
2011-04-01,0.00166666666666667
2011-04-05,0.00188896272434422
2011-04-09,0.00191915753029429
2011-04-13,0.00157560185187684
2011-04-17,0.00103747274313127
2011-04-21,0.00211408906527415
2011-04-25,0.00632900560676403
2011-04-29,0.00558613314301076
2011-05-03,0.00569585608475094
2011-05-07,0.00616142790670076
2011-05-11,0.0138096748196627
2011-05-15,0.0348197331456419
2011-05-19,0.0267335705725191
2011-05-23,0.0211819109502694
2011-05-27,0.0263185721753142
2011-05-31,0.0291829382612738
2011-06-04,0.0549658951659857
2011-06-08,0.0831881354652899
2011-06-12,0.103034036465833
2011-06-16,0.0500077042265573
2011-06-20,0.0334357925281069
2011-06-24,0.0242966097743637
2011-06-28,0.0331274693441179
2011-07-02,0.0310209625038457
2011-07-06,0.0248340148385208
2011-07-10,0.0225996207122974
2011-07-14,0.0217267492363699
2011-07-18,0.0212912701283575
2011-07-22,0.0209944340730063
2011-07-26,0.0137208418145998
2011-07-30,0.0126220969295596
2011-08-03,0.0139578239911193
2011-08-07,0.0106120870338785
2011-08-11,0.00930126626641998
2011-08-15,0.01316820128
2011-08-19,0.0118283541246329
2011-08-23,0.00965587839906486
2011-08-27,0.00791264714139286
2011-08-31,0.007318637406508
2011-09-04,0.0118821362213255
2011-09-08,0.0056955817441371
2011-09-12,0.00585038728017354
2011-09-16,0.00445995745296833
2011-09-20,0.00474582203561442
2011-09-24,0.00650729582436399
2011-09-28,0.00371165574206415
2011-10-02,0.00330501886370302
2011-10-06,0.0067982198471359
2011-10-10,0.00249038962077041
2011-10-14,0.0023264618600908
2011-10-18,0.00204273790759658
2011-10-22,0.00157372113496285
2011-10-26,0.00175696055007587
2011-10-30,0.0024684316811186
2011-11-03,0.00158640408280825
2011-11-07,0.00190156054061434
2011-11-11,0.00128272038891187
2011-11-15,0.00134481311959925
2011-11-19,0.0015704111157917
2011-11-23,0.00144390611556171
2011-11-27,0.00127489906991934
2011-12-01,0.00221335737599
2011-12-05,0.00120519724302521
2011-12-09,0.00165600028680799
2011-12-13,0.00249727932436182
2011-12-17,0.00214693617424586
2011-12-21,0.00368530136961126
2011-12-25,0.00317889886722968
2011-12-29,0.00321753748426869
2012-01-02,0.00481462537019398
2012-01-06,0.00692278842724458
2012-01-10,0.005256199390065
2012-01-14,0.0122106856114532
2012-01-18,0.011215684695858
2012-01-22,0.00373803389061852
2012-01-26,0.00803660102662952
2012-01-30,0.0266239195041328
2012-02-03,0.00579391430914084
2012-02-07,0.00524673196874579
2012-02-11,0.00295978064665599
2012-02-15,0.00358521980927793
2012-02-19,0.00194793327510217
2012-02-23,0.00290676695192034
2012-02-27,0.00407625343198375
2012-03-02,0.00306006751383819
2012-03-06,0.00354280144935134
2012-03-10,0.0038314948728942
2012-03-14,0.00368561258189851
2012-03-18,0.00285841095652174
2012-03-22,0.00241843368766971
2012-03-26,0.0022847586474259
2012-03-30,0.00306691172199947
2012-04-03,0.00351834814395522
2012-04-07,0.00292819186834343
2012-04-11,0.00343508191750292
2012-04-15,0.00248716829678092
2012-04-19,0.00382683091793472
2012-04-23,0.0033047074848818
2012-04-27,0.00452987795892365
2012-05-01,0.00330873306749572
2012-05-05,0.00310352337982849
2012-05-09,0.0040404769061765
2012-05-13,0.00395708740014978
2012-05-17,0.00350393134084231
2012-05-21,0.00318169656261854
2012-05-25,0.00346341998617539
2012-05-29,0.00291386844753145
2012-06-02,0.00290137225369002
2012-06-06,0.00380366653302721
2012-06-10,0.00349666449380363
2012-06-14,0.00368843682094403
2012-06-18,0.00449158129614607
2012-06-22,0.00594870416869192
2012-06-26,0.00383613551041943
2012-06-30,0.00410167063182198
2012-07-04,0.00388527485808709
2012-07-08,0.00373728132708929
2012-07-12,0.00395941647317904
2012-07-16,0.00520308793563397
2012-07-20,0.00899126958891192
2012-07-24,0.00510594329764756
2012-07-28,0.00515820392473789
2012-08-01,0.00643751931012949
2012-08-05,0.00859177045888536
2012-08-09,0.00656469457223393
2012-08-13,0.00619409962154787
2012-08-17,0.0108228084705332
2012-08-21,0.00600066609046735
2012-08-25,0.00728960677571338
2012-08-29,0.00811010340586547
2012-09-02,0.00933308937929408
2012-09-06,0.00581280989147287
2012-09-10,0.00782834156555245
2012-09-14,0.00648595699696678
2012-09-18,0.0080884479903386
2012-09-22,0.00870041549951799
2012-09-26,0.00740233382119438
2012-09-30,0.0071182496347068
2012-10-04,0.0470157822571074
2012-10-08,0.008702204032311
2012-10-12,0.00871599494769231
2012-10-16,0.00836445061844704
2012-10-20,0.006896761019433
2012-10-24,0.00771147658599023
2012-10-28,0.00760317484708818
2012-11-01,0.00960255548664044
2012-11-05,0.00829000657345792
2012-11-09,0.0082774032069301
2012-11-13,0.00849897146579942
2012-11-17,0.00934752783286603
2012-11-21,0.00923052754822921
2012-11-25,0.00991676032884062
2012-11-29,0.00987204352859298
2012-12-03,0.010307275612701
2012-12-07,0.0102029365437445
2012-12-11,0.0111255927162898
2012-12-15,0.0104094258134614
2012-12-19,0.0105064236462853
2012-12-23,0.0117436864161473
2012-12-27,0.0109708606599507
2012-12-31,0.0109608767532217
2013-01-04,0.0106428037896036
2013-01-08,0.0116965578666072
2013-01-12,0.0114438715569237
2013-01-16,0.0110765131525097
2013-01-20,0.0125427309545425
2013-01-24,0.0171244061517865
2013-01-28,0.0150427661199011
2013-02-01,0.0187323565850532
2013-02-05,0.0165516050528711
2013-02-09,0.018099016970725
2013-02-13,0.0238203115980996
2013-02-17,0.025730181426796
2013-02-21,0.0272268169762672
2013-02-25,0.0294136012373248
2013-03-01,0.0350883589691011
2013-03-05,0.032916287296783
2013-03-09,0.0412328572317219
2013-03-13,0.0410316788455986
2013-03-17,0.0421990574195824
2013-03-21,0.0595714476491046
2013-03-25,0.0663651538781816
2013-03-29,0.0845294428483872
2013-04-02,0.129504700325116
2013-04-06,0.107390119842141
2013-04-10,0.23114616918827
2013-04-14,0.0958462881516256
2013-04-18,0.0850820030312765
2013-04-22,0.116046798954834
2013-04-26,0.104185604219566
2013-04-30,0.138944990511213
2013-05-04,0.0882780409312756
2013-05-08,0.114359966117534
2013-05-12,0.0991490795202318
2013-05-16,0.144495336843229
2013-05-20,0.108583067293712
2013-05-24,0.110179275524608
2013-05-28,0.123768732451994
2013-06-01,0.0977666209275395
2013-06-05,0.12841093512302
2013-06-09,0.0872556898272874
2013-06-13,0.102055467110124
2013-06-17,0.0801347719968874
2013-06-21,0.101583520261331
2013-06-25,0.0779825948346501
2013-06-29,0.0632844444759075
2013-07-03,0.0940124834437161
2013-07-07,0.0429215594680662
2013-07-11,0.0712364348592639
2013-07-15,0.0575719977768515
2013-07-19,0.0516997752084572
2013-07-23,0.0513291240305339
2013-07-27,0.0815387642597685
2013-07-31,0.12028046654104
2013-08-04,0.0728909439191163
2013-08-08,0.088395164997768
2013-08-12,0.0528744583338252
2013-08-16,0.064471653220347
2013-08-20,0.0554516487358518
2013-08-24,0.0580278768988104
2013-08-28,0.469926121545627
2013-09-01,0.0685870321884277
2013-09-05,0.0655757843543554
2013-09-09,0.0627444495575921
2013-09-13,0.0593857241370146
2013-09-17,0.547404142501594
2013-09-21,0.0626294371328003
2013-09-25,0.0694933960173622
2013-09-29,0.0792866499941141
2013-10-03,0.0632947317896417
2013-10-07,0.0887867162880023
2013-10-11,0.0552511732882084
2013-10-15,0.0919856280628522
2013-10-19,0.104958991453569
2013-10-23,0.153003213161403
2013-10-27,0.339465327556889
2013-10-31,0.104032900180402
2013-11-04,0.229656493789353
2013-11-08,0.524911040204235
2013-11-12,0.131266075070065
2013-11-16,0.123717449111243
2013-11-20,0.176809875421111
2013-11-24,0.235418568068339
2013-11-28,0.294945814374711
2013-12-02,0.265611398926719
2013-12-06,0.268485628302687
2013-12-10,0.234795086745569
2013-12-14,0.202115181716003
2013-12-18,0.155331217027647
2013-12-22,0.128865833255069
2013-12-26,0.174230824463875
2013-12-30,0.153666825842968
2014-01-03,0.176457459483311
2014-01-07,0.225079067407487
2014-01-11,0.187014512809256
2014-01-15,0.222981458937759
2014-01-19,0.189946275137401
2014-01-23,0.214424320922282
2014-01-27,0.1671571163145
2014-01-31,0.19186648369227
2014-02-04,0.162044022004831
2014-02-08,0.135470089636243
2014-02-12,0.168329985576642
2014-02-16,0.127645964406312
2014-02-20,0.131492361288222
2014-02-24,0.124961481002732
2014-02-28,0.138960249505973
2014-03-04,0.139569980040297
2014-03-08,0.11315840225031
2014-03-12,0.133539378263614
2014-03-16,0.128160355667627
2014-03-20,0.118037152243078
2014-03-24,0.102299314664645
2014-03-28,0.0871063005107202
2014-04-01,0.0878237793245578
2014-04-05,0.0869690443044868
2014-04-09,0.134398335124078
2014-04-13,0.0843475301870831
2014-04-17,0.11840759224542
2014-04-21,0.106010706536877
2014-04-25,0.0935247447835335
2014-04-29,0.0853103982324042
2014-05-03,0.0864505630306547
2014-05-07,0.0830486308478886
2014-05-11,0.0841673001667795
2014-05-15,0.07665774661264
2014-05-19,0.0795297734172768
2014-05-23,0.0913551564146893
2014-05-27,0.103492676110495
2014-05-31,0.114196791359835
2014-06-04,0.123480539262342
2014-06-08,0.122085559737951
2014-06-12,0.126067783305285
2014-06-16,0.103627319046613
2014-06-20,0.11015883576419
2014-06-24,0.101562266430061
2014-06-28,0.100286422669921
2014-07-02,0.122237484450598
2014-07-06,0.111529653068329
2014-07-10,0.106613108584991
2014-07-14,0.117780412755663
2014-07-18,0.115084232123661
2014-07-22,0.106917436586578
2014-07-26,0.0935741623575963
2014-07-30,0.0973284690832916
2014-08-03,0.0943918362895268
2014-08-07,0.0916525153782596
2014-08-11,0.0955031829021396
2014-08-15,0.0829250771660821
2014-08-19,0.0807220173331684
2014-08-23,0.0765414883223648
2014-08-27,0.0788239107748938
2014-08-31,0.0764801796327201
2014-09-04,0.0744988261621093
2014-09-08,0.0763623246201214
2014-09-12,0.0744094621263816
2014-09-16,0.0766645782528853
2014-09-20,0.0632812261563647
2014-09-24,0.0723859200065374
2014-09-28,0.0684575525765313
2014-10-02,0.059695098303997
2014-10-06,0.0521297163564116
2014-10-10,0.0580422732330872
2014-10-14,0.0634373639144449
2014-10-18,0.0596513550885422
2014-10-22,0.0611193223939248
2014-10-26,0.0549379316976751
2014-10-30,0.0501087763175822
2014-11-03,0.0586242913060206
2014-11-07,0.0554518472907261
2014-11-11,0.0570512930472887
2014-11-15,0.0612457632019921
2014-11-19,0.0577354919543559
2014-11-23,0.0544554781340861
2014-11-27,0.051724655495915
2014-12-01,0.0534984251534935
2014-12-05,0.0500143798810615
2014-12-09,0.0505403466649296
2014-12-13,0.047963303634306
2014-12-17,0.0520011249421768
2014-12-21,0.0473836204620792
2014-12-25,0.0442929191264104
2014-12-29,0.055145139121954
2015-01-02,0.0468875501967841
2015-01-06,0.0399340134378437
2015-01-10,0.0415633230745816
2015-01-14,0.0320872224209635
2015-01-18,0.0323580963604058
2015-01-22,0.0320030300966465
2015-01-26,0.037643013374949
2015-01-30,0.0322469489908751
2015-02-03,0.0342858827007987
2015-02-07,0.0304285323944717
2015-02-11,0.0325823526792473
2015-02-15,0.0415927206649566
2015-02-19,0.0343597749934179
2015-02-23,0.0336719226059963
2015-02-27,0.0331732315963807
2015-03-03,0.0387309898930831
2015-03-07,0.0387714138726647
2015-03-11,0.046705926370553
2015-03-15,0.0402198510203431
2015-03-19,0.0396289050841647
2015-03-23,0.0446799504910276
2015-03-27,0.0347746068827421
2015-03-31,0.0351223016387789
2015-04-04,0.0397998599669879
2015-04-08,0.0368336247301047
2015-04-12,0.038232087126216
2015-04-16,0.0313389983270338
2015-04-20,0.0337420792653557
2015-04-24,0.0337935648001038
2015-04-28,0.0324427158700474
2015-05-02,0.0339241039215285
2015-05-06,0.0333096713292038
2015-05-10,0.0416849824297872
2015-05-14,0.0325316556529031
2015-05-18,0.0356518448590341
2015-05-22,0.0348239176272245
2015-05-26,0.0389016290980842
2015-05-30,0.031707039196825
2015-06-03,0.0318859136003915
2015-06-07,0.0345988034868676
2015-06-11,0.0327031266416191
2015-06-15,0.035943834429434
2015-06-19,0.0550128624495425
2015-06-23,0.0367738255406973
2015-06-27,0.0384067143399676
2015-07-01,0.0384138164008471
2015-07-05,0.0469749847180787
2015-07-09,0.056678367285227
2015-07-13,0.0622213124240014
2015-07-17,0.0567826226285965
2015-07-21,0.0537689085438433
2015-07-25,0.0571505150943574
2015-07-29,0.0797083847445257
2015-08-02,0.0564134399661879
2015-08-06,0.0772123447477451
2015-08-10,0.0646602172586436
2015-08-14,0.0568734747466381
2015-08-18,0.0546184586278377
2015-08-22,0.0493210557615927
2015-08-26,0.0454173107771306
2015-08-30,0.0456586408498671
2015-09-03,0.0497415788037366
2015-09-07,0.0567560773307775
2015-09-11,0.0500941956233154
2015-09-15,0.0398271234172223
2015-09-19,0.0441442343139122
2015-09-23,0.0447289741290077
2015-09-27,0.0479099017380485
2015-10-01,0.0498799221709168
2015-10-05,0.0443365253742919
2015-10-09,0.0491683327380611
2015-10-13,0.0460681103328383
2015-10-17,0.0534780421752839
2015-10-21,0.0509400973781375
2015-10-25,0.0546435515440761
2015-10-29,0.0654282040349179
2015-11-02,0.066502087117321
2015-11-06,0.0722930646907203
2015-11-10,0.0651265258790505
2015-11-14,0.0536844572997348
2015-11-18,0.0550271321248837
2015-11-22,0.058354967308488
2015-11-26,0.0583692545475417
2015-11-30,0.0713054453134089
2015-12-04,0.0600264763527352
2015-12-08,0.0663485827411305
2015-12-12,0.0793158374762541
2015-12-16,0.0781179542254945
2015-12-20,0.0785372212727998
2015-12-24,0.0786485861026156
2015-12-28,0.076503113446732
2016-01-01,0.0688948805859492
2016-01-05,0.076755564955019
2016-01-09,0.0754613289911023
2016-01-13,0.0776900146123054
2016-01-17,0.068510157064283
2016-01-21,0.0934734149551935
2016-01-25,0.0819689322411302
2016-01-29,0.0783607154230614
2016-02-02,0.0890626702906641
2016-02-06,0.0673250108632764
2016-02-10,0.0725404151109417
2016-02-14,0.0755323534358955
2016-02-18,0.0853496177973897
2016-02-22,0.084303698107523
2016-02-26,0.0877838571086631
2016-03-01,0.0935763789508716
2016-03-05,0.10650740750935
2016-03-09,0.11775148081162
2016-03-13,0.0986358281322718
2016-03-17,0.0930737791502609
2016-03-21,0.0846538013882113
2016-03-25,0.0788505905522558
2016-03-29,0.121272904411246
2016-04-02,0.109808138884503
2016-04-06,0.112211861385803
2016-04-10,0.0746317645282238
2016-04-14,0.0835679469956835
2016-04-18,0.0921663802276747
2016-04-22,0.0904238740779391
2016-04-26,0.614379487502144
2016-04-30,0.0858223258704735
2016-05-04,0.0910236017051272
2016-05-08,0.0849426236783259
2016-05-12,0.0924641701629931
2016-05-16,0.115184020935178
2016-05-20,0.108402895876534
2016-05-24,0.107072131728348
2016-05-28,0.136483393934797
2016-06-01,0.128724904376665
2016-06-05,0.135365699551837
2016-06-09,0.130365148167788
2016-06-13,0.177632692210278
2016-06-17,0.23278926302871
2016-06-21,0.206628097884406
2016-06-25,0.198864907515761
2016-06-29,0.175297939849371
2016-07-03,0.173054131445649
2016-07-07,0.167655127382036
2016-07-11,0.170391711340721
2016-07-15,0.169703108751395
2016-07-19,0.186975215254498
2016-07-23,0.199975231313388
2016-07-27,0.206551235699883
2016-07-31,0.239810294145365
2016-08-04,0.169781118487192
2016-08-08,0.216153526933836
2016-08-12,0.177864230317084
2016-08-16,0.186366876309719
2016-08-20,0.169710102179348
2016-08-24,0.15894686929838
2016-08-28,0.159688345361662
2016-09-01,0.152646311391942
2016-09-05,0.167602556862735
2016-09-09,0.178131661228342
2016-09-13,0.171838992739436
2016-09-17,0.161571566341524
2016-09-21,0.161267190723752
2016-09-25,0.151920675992329
2016-09-29,0.170562568797562
2016-10-03,0.175966624173788
2016-10-07,0.165892716009615
2016-10-11,0.193258922469824
2016-10-15,0.189920819176547
2016-10-19,0.197418354055074
2016-10-23,0.231668393264919
2016-10-27,0.230175522257712
2016-10-31,0.220033553955307
2016-11-04,0.236786355016063
2016-11-08,0.212698756824028
2016-11-12,0.203950504331784
2016-11-16,0.199400067257739
2016-11-20,0.22162128889091
2016-11-24,0.302436598389749
2016-11-28,0.266597540072258
2016-12-02,0.293632741533922
2016-12-06,0.282053421023416
2016-12-10,0.268415679677247
2016-12-14,0.257167657970351
2016-12-18,0.271414522768642
2016-12-22,0.287930631254743
2016-12-26,0.324458965781085
2016-12-30,0.333735585671981
2017-01-03,0.398842614183425
2017-01-07,0.327445308507098
2017-01-11,0.3076502761644
2017-01-15,0.282480723299076
2017-01-19,0.331487472539032
2017-01-23,0.42511905248726
2017-01-27,0.396573968339643
2017-01-31,0.442557099418864
2017-02-04,0.496585265659228
2017-02-08,0.536196397407789
2017-02-12,0.430482096722623
2017-02-16,0.614010959674827
2017-02-20,0.596831778455123
2017-02-24,0.777922933772208
2017-02-28,0.832348550603316
2017-03-04,1.0755456038632
2017-03-08,0.941788759330839
2017-03-12,1.03888390891313
2017-03-16,0.986049952385233
2017-03-20,0.903272168737338
2017-03-24,0.791630006657898
2017-03-28,0.826667939859967
2017-04-01,0.807561319992362
2017-04-05,0.839790909331461
2017-04-09,0.842977230697727
2017-04-13,1.12747811003386
2017-04-17,0.880808121081756
2017-04-21,0.920038821930214
2017-04-25,1.05821414119998
2017-04-29,1.00531982785763
2017-05-03,1.23841221837743
2017-05-07,1.3770530796455
2017-05-11,1.73936382784053
2017-05-15,1.72331363880453
2017-05-19,2.67768085313101
2017-05-23,2.80498607212828
2017-05-27,3.36738518766872
2017-05-31,3.99273974773409
2017-06-04,4.19550007035252
2017-06-08,4.39555441845939
2017-06-12,4.27641105364383
2017-06-16,3.38166456587931
2017-06-20,3.83455716209381
2017-06-24,3.58394444762183
2017-06-28,3.46947544810847
2017-07-02,2.46525601463426
2017-07-06,2.78667310906896
2017-07-10,1.99878142597642
2017-07-14,2.1405726396078
2017-07-18,1.94176843709901
2017-07-22,2.12451048708968
2017-07-26,1.75592651681331
2017-07-30,1.99203092022726
2017-08-03,1.59746245264407
2017-08-07,1.61677257061397
2017-08-11,2.91314257845576
2017-08-15,4.72166692069306
2017-08-19,4.06179261167978
2017-08-23,7.13726839562085
2017-08-27,5.95656976189112
2017-08-31,6.89524420537229
2017-09-04,5.3313554939949
2017-09-08,3.48874928081846
2017-09-12,2.46952937698549
2017-09-16,1.94171384506566
2017-09-20,2.45470247093031
2017-09-24,1.66571337011368
2017-09-28,2.03912155743406
2017-10-02,2.69122572918745
2017-10-06,2.29761544477561
2017-10-10,2.66781790314962
2017-10-14,4.39594859804509
2017-10-18,3.14771873542106
2017-10-22,3.17920465527297
2017-10-26,2.45868936155766
2017-10-30,5.10872524255683
2017-11-03,7.09609972008243
2017-11-07,6.21440279646001
2017-11-11,10.7719906052011
2017-11-15,13.2745413993023
2017-11-19,7.26236461040384
2017-11-23,6.18967313224505
2017-11-27,6.00414775635294
2017-12-01,6.11178644292724
2017-12-05,6.3389140253949
2017-12-09,21.3744128827459
2017-12-13,23.9657209218713
2017-12-17,26.6072853773383
2017-12-21,54.7903932891521
2017-12-25,41.9812911136269
2017-12-29,32.2826758040604
2018-01-02,26.4755549209237
2018-01-06,32.2477577813382
2018-01-10,29.4200009372911
2018-01-14,28.6136658235842
2018-01-18,24.4112585250672
2018-01-22,14.1482888143159
2018-01-26,10.4228125517013
2018-01-30,7.15889268874182
2018-02-03,6.7009733039161
2018-02-07,4.60327416123577
2018-02-11,3.47059075693759
2018-02-15,3.1651397606376
2018-02-19,2.9527262594611
2018-02-23,3.96065986744794
2018-02-27,2.43108807317718
2018-03-03,2.43176922569776
2018-03-07,1.69392131467231
2018-03-11,2.30178782706006
2018-03-15,1.44345357191633
2018-03-19,1.33363941312735
2018-03-23,1.24333567868471
2018-03-27,1.17334400146279
2018-03-31,0.948825984992173
2018-04-04,0.941679395271181
2018-04-08,1.06043961357096
2018-04-12,1.25342060758145
2018-04-16,1.05935016553693
2018-04-20,1.1803434498366
2018-04-24,2.37300172919032
2018-04-28,1.89111709458818
2018-05-02,1.66996959193974
2018-05-06,1.75859774876615
2018-05-10,1.18704994467666
2018-05-14,1.43583559245097
2018-05-18,2.67395450376291
2018-05-22,1.07412928004854
2018-05-26,1.06256874972862
2018-05-30,0.824726548507777
2018-06-03,0.717734368571062
2018-06-07,0.766521945894127
2018-06-11,0.781414237170705
2018-06-15,0.737116785549491
2018-06-19,2.93612843297315
2018-06-23,1.19089219316408
2018-06-27,1.03925388121249
2018-07-01,0.684603970324376
2018-07-05,0.652793160052876
2018-07-09,0.647246208882597
2018-07-13,0.587412092972705
2018-07-17,0.731273674820069
2018-07-21,0.692117590520499
2018-07-25,0.885153137886251
2018-07-29,0.763535513256998
2018-08-02,0.853059398674629
2018-08-06,0.566810600780812
2018-08-10,0.574457094698937
2018-08-14,0.646798610284149
2018-08-18,0.560356305128898
2018-08-22,0.685105084726415
2018-08-26,1.08458673008572
2018-08-30,0.719730048586831
2018-09-03,0.649032556698184
2018-09-07,0.77274510663761
2018-09-11,0.615513273148291
2018-09-15,0.484572453960604
2018-09-19,0.412101655522942
2018-09-23,0.484719419513626
2018-09-27,0.619840648517796
2018-10-01,0.590534993332689
2018-10-05,0.570922480006599
2018-10-09,0.465623595087276
2018-10-13,0.400994935776989
2018-10-17,0.467772616203699
2018-10-21,0.379102021488192
2018-10-25,0.441085623359184
2018-10-29,0.459450635000723
2018-11-02,0.393727751010816
2018-11-06,0.431263396115446
2018-11-10,0.419829416939624
2018-11-14,0.528795045509614
2018-11-18,0.416062022335391
2018-11-22,0.656738620204629
2018-11-26,0.569684911749044
2018-11-30,0.651760825732386
2018-12-04,0.456759168372316
2018-12-08,0.289102587669862
2018-12-12,0.290514967474806
2018-12-16,0.21077463587853
2018-12-20,0.379112631341302
2018-12-24,0.350045876268364
2018-12-28,0.214008588210473
2019-01-01,0.176749033941854
2019-01-05,0.184406891863424
2019-01-09,0.303830006630665
2019-01-13,0.182962574018324
2019-01-17,0.28484713714882
2019-01-21,0.222462357286363
2019-01-25,0.292323766582377
2019-01-29,0.242312339213522
2019-02-02,0.201277400184509
2019-02-06,0.210036092345556
2019-02-10,0.163513821566011
2019-02-14,0.262659926685426
2019-02-18,0.325041794131476
2019-02-22,0.437014729582108
2019-02-26,0.375138468313133
2019-03-02,0.286647422329177
2019-03-06,0.534873557164148
2019-03-10,0.34887826429922
2019-03-14,0.481901030733407
2019-03-18,0.303633707735043
2019-03-22,0.361824583634967
2019-03-26,0.385942280463952
2019-03-30,0.590947052294201
2019-04-03,1.98543207226587
2019-04-07,1.24887844950027
2019-04-11,1.46480824086428
2019-04-15,1.05376100296338
2019-04-19,1.13447212807449
2019-04-23,1.71256543866316
2019-04-27,0.781747290238045
2019-05-01,0.78772424889514
2019-05-05,1.08811705884609
2019-05-09,1.78026390269507
2019-05-13,2.13841444279872
2019-05-17,4.56500249326611
2019-05-21,4.22872793214319
2019-05-25,3.04825644536002
2019-05-29,3.99058466169516
2019-06-02,3.40408771220541
2019-06-06,2.59633426451481
2019-06-10,2.24652118098193
2019-06-14,2.69191372733264
2019-06-18,2.70853250929368
2019-06-22,3.72025474710426
2019-06-26,5.90710825316984
2019-06-30,3.66167684671237
2019-07-04,2.66832443065582
2019-07-08,2.1068118419945
2019-07-12,2.14695186052901
2019-07-16,1.79393068587175
2019-07-20,1.64964443441377
2019-07-24,1.63909621219846
2019-07-28,0.919680288439669
2019-08-01,1.39939085568274
2019-08-05,1.43361245943909
2019-08-09,2.2461122888257
2019-08-13,2.23010787402228
2019-08-17,1.26480895604865
2019-08-21,1.71071832168382
2019-08-25,0.756380019554686
2019-08-29,0.928415616731284
2019-09-02,0.875537167107363
2019-09-06,1.09443777488288
2019-09-10,1.12429108787714
2019-09-14,0.718465785558893
2019-09-18,0.958491614545631
2019-09-22,0.643133304464001
2019-09-26,0.757686622358845
2019-09-30,1.06976201979276
2019-10-04,0.671349035510914
2019-10-08,0.674920399304331
2019-10-12,0.573480068078046
2019-10-16,0.693174097245866
2019-10-20,0.4365767164328
2019-10-24,0.709897658487492
2019-10-28,1.16252624482986
2019-11-01,1.16052627514748
2019-11-05,1.22675299744174
2019-11-09,0.84726147816622
2019-11-13,0.941506154398722
2019-11-17,0.679099553741991
2019-11-21,0.89050913236974
2019-11-25,0.806160206599305
2019-11-29,0.796011329979424
2019-12-03,0.553872119316978
2019-12-07,0.476905662317346
2019-12-11,0.60888858596641
2019-12-15,0.550241039690093
2019-12-19,0.638353332902171
2019-12-23,0.465031464230959
2019-12-27,0.379063082312015
2019-12-31,0.3642814071957
2020-01-04,0.31362859357195
2020-01-08,0.797559971333301
2020-01-12,0.41553243857684
2020-01-16,0.635615160118378
2020-01-20,0.458515308810101
2020-01-24,0.427680014249043
2020-01-28,0.610528708582643
2020-02-01,0.539328694210698
2020-02-05,0.646349647840744
2020-02-09,0.629750954674672
2020-02-13,1.07157634286058
2020-02-17,0.711064131334146
2020-02-21,0.674567171104883
2020-02-25,0.696835433033085
2020-02-29,0.523003183862084
2020-03-04,0.586698423854668
2020-03-08,0.458046801973722
2020-03-12,1.08868300434723
2020-03-16,1.13799991384835
2020-03-20,1.78560484166505
2020-03-24,1.0702667382949
2020-03-28,0.740414420784793
2020-04-01,0.595457236225901
2020-04-05,0.38605682483986
2020-04-09,0.594117983768802
2020-04-13,0.390110704535921
2020-04-17,0.634051209521079
2020-04-21,0.515074176133559
2020-04-25,0.74743033347111
2020-04-29,1.30320406784667
2020-05-03,1.82151343648637
2020-05-07,2.45777629001632
2020-05-11,2.54708041668451
2020-05-15,4.95503458023075
2020-05-19,6.42914180341742
2020-05-23,3.69219349697898
2020-05-27,2.36918688128054
2020-05-31,2.2550053508218
2020-06-04,1.90321315927668
2020-06-08,1.27630329010085
2020-06-12,0.88455687970373
2020-06-16,1.40363451252628
2020-06-20,0.981710394257909
2020-06-24,1.27653907153377
2020-06-28,0.673697335950307
2020-07-02,1.50889758486723
2020-07-06,1.00015012677777
2020-07-10,1.28367046528809
2020-07-14,1.61181855013175
2020-07-18,2.23926806714143
2020-07-22,3.67601432725504
2020-07-26,2.51085427154793
2020-07-30,6.06362537624933
2020-08-03,4.39956743002628
2020-08-07,4.94176360603888
2020-08-11,5.03549580816253
2020-08-15,2.56059439243148
2020-08-19,5.21382821704613
2020-08-23,2.3972598274732753
2020-08-27,4.219870678434581
2020-08-31,3.5486845678575203
2020-09-04,5.356555300517122
2020-09-08,2.5571293773815347
2020-09-12,2.0034358577317
2020-09-16,2.4741851199823692
2020-09-20,1.3891759718324936
2020-09-24,2.7006032402489955
2020-09-28,2.1059191899274934
2020-10-02,4.083656083970861
2020-10-06,3.7819971609232237
2020-10-10,2.863405058363661
2020-10-14,2.656080742140803
2020-10-18,1.7993792536301436
2020-10-22,6.285089285809221
2020-10-26,5.752067801423124
2020-10-30,13.129840128849542
2020-11-03,11.871891136589499
2020-11-07,7.673814934872026
2020-11-11,5.213674989764986
2020-11-15,2.6838456994318904
2020-11-19,5.433656184584319
2020-11-23,3.5079325984150387
2020-11-27,4.421837643393106
2020-12-01,7.405563838500065
2020-12-05,4.686759043207698
2020-12-09,4.1216454555904125
2020-12-13,2.7188771318260834
2020-12-17,12.046406024922556
2020-12-21,11.916995795131013
2020-12-25,7.297509672371263
2020-12-29,8.410156419112946
2021-01-02,8.400988666872713
2021-01-06,11.26630534983695
2021-01-10,10.977942573564283
2021-01-14,16.36282244994702
2021-01-18,9.705959227466364
2021-01-22,11.292711587658864
2021-01-26,7.720712671247752
2021-01-30,15.105368318268411
2021-02-03,14.267639368142085
2021-02-07,11.45013229284553
2021-02-11,28.50803937284562
2021-02-15,18.903332523449883
2021-02-19,25.060581577828714
2021-02-23,30.85654781127625
2021-02-27,15.321531752273685
2021-03-03,20.081708400459792
2021-03-07,13.73474769040813
2021-03-11,21.52641955062327
2021-03-15,22.08740214714156
2021-03-19,21.676746170367544
2021-03-23,14.137088191445995
2021-03-27,12.71628388499337
2021-03-31,18.10024900171318
2021-04-04,15.770919488138981
2021-04-08,18.804707104262462
2021-04-12,18.95188877458195
2021-04-16,39.39264581237137
2021-04-20,59.85844264985348
2021-04-24,29.02194839114216
2021-04-28,26.857866212967238
2021-05-02,20.55797541656836
2021-05-06,20.014748396079465
2021-05-10,19.21120694446092
2021-05-14,13.841469618791853
2021-05-18,13.40578760877589
2021-05-22,17.159382807974318
2021-05-26,13.250583805575332
2021-05-30,7.2217026237832
2021-06-03,7.513880953319125
2021-06-07,5.244371402720911
2021-06-11,6.954110734164162
2021-06-15,6.439971039413672
2021-06-19,4.708340415988513
2021-06-23,8.061537460447216
2021-06-27,7.177179225940275
2021-07-01,10.614911610227953
2021-07-05,7.233005636592207
2021-07-09,3.919572117822382
2021-07-13,4.519262067207424
2021-07-17,2.186896337683462
2021-07-21,1.916524668756355
2021-07-25,1.9146921479710364
2021-07-29,2.2489527832586544
2021-08-02,2.230378609406082
2021-08-06,2.2598071680357603
2021-08-10,2.438608452200614
2021-08-14,2.453180620375733
2021-08-18,2.8152116750038814
2021-08-22,2.9780267481972347
2021-08-26,2.111370266040749
2021-08-30,2.4029998309880587
2021-09-03,3.2468233458644935
2021-09-07,3.5572621274723617
2021-09-11,2.250638797028186
2021-09-15,3.022143026203619
2021-09-19,1.9618965571083138
2021-09-23,2.260371308838653
2021-09-27,2.1433706956650065
2021-10-01,2.726000880745027
2021-10-05,2.4517990686995383
2021-10-09,3.266716401765169
2021-10-13,3.2591038116745574
2021-10-17,3.1953415249062393
2021-10-21,4.062618197114784
2021-10-25,3.090479025849927
2021-10-29,3.164126507735802
2021-11-02,3.700567588537313
2021-11-06,2.7776062944643027
2021-11-10,4.101072788891336
2021-11-14,2.490990827166171
2021-11-18,2.35957479711077
2021-11-22,2.5324347890831387
2021-11-26,2.7653898852290024
2021-11-30,2.4716599794755676
2021-12-04,3.3513847722884273
2021-12-08,1.954473359411793
2021-12-12,1.5098996889863265
2021-12-16,1.9978335685151811
2021-12-20,1.9234508577822684
2021-12-24,2.351635804490865
2021-12-28,3.4111680993783997
2022-01-01,2.3054355976140393
2022-01-05,2.6692770479670203
2022-01-09,1.5604664449104628
2022-01-13,1.6701501812565434
2022-01-17,1.5176898226358293
2022-01-21,1.7248739328313072
2022-01-25,1.4966967161360418
2022-01-29,2.0180465253649285
2022-02-02,1.6754618864912654
2022-02-06,1.9481381809597438
2022-02-10,3.3384540167869465
2022-02-14,1.9068790196784127
2022-02-18,1.4573484881825034
2022-02-22,1.3203451264498163
2022-02-26,1.2033402731505094
2022-03-02,4.471351581439927
2022-03-06,1.78337931973625
2022-03-10,1.7674355071120613
2022-03-14,1.5414436085754752
2022-03-18,1.6604875282007732
2022-03-22,1.7350485133462785
2022-03-26,1.5779794588276865
2022-03-30,1.93400451305947
2022-04-03,2.143880839134742
2022-04-07,1.619750285926272
2022-04-11,1.5586888460444703
2022-04-15,1.3993108889802168
2022-04-19,1.4095780862242417
2022-04-23,1.3856795303097564
2022-04-27,1.5102990682936583
2022-05-01,1.280824478187918
2022-05-05,2.7221965351803497
2022-05-09,2.2902910535469765
2022-05-13,3.5353473588210145
2022-05-17,2.0541225473544937
2022-05-21,1.567418126308507
2022-05-25,2.004478262640664
2022-05-29,1.3976574353677453
2022-06-02,2.218318938971079
2022-06-06,1.4765413556033977
2022-06-10,1.5297291392462056
2022-06-14,2.0373799062329563
2022-06-18,1.625479654868934
2022-06-22,1.3455606542012026
2022-06-26,1.318371347036837
2022-06-30,1.1739283349718186
2022-07-04,1.104625165070075
2022-07-08,1.8491094107593524
2022-07-12,1.2484983704713204
2022-07-16,1.6844679576971644
2022-07-20,2.326399167566572
2022-07-24,1.2087485291460323
2022-07-28,1.294443986563361
2022-08-01,1.3432075721074799
2022-08-05,1.6798545187735383
2022-08-09,2.0885403893479806
2022-08-13,1.2161157315687547
2022-08-17,1.4044969797364508
2022-08-21,0.8246336069387135
2022-08-25,0.9038145789014399
2022-08-29,0.8737882663052219
2022-09-02,1.3574341857135348
2022-09-06,1.114576453809559
2022-09-10,1.0978233795944883
2022-09-14,1.2805156833276659
2022-09-18,1.1383852120960882
2022-09-22,0.9992899985375117
2022-09-26,1.0614123236267963
2022-09-30,1.1318848733991258
2022-10-04,0.7347354301355634
2022-10-08,0.5527990520800486
2022-10-12,0.6901340844272648
2022-10-16,0.7366848316324164
2022-10-20,0.9263161103659419
2022-10-24,0.875119114953268
2022-10-28,1.3514187732663099
2022-11-01,1.1118778807929552
2022-11-05,1.329317278284085
2022-11-09,1.4771206093696823
2022-11-13,1.1974163030476088
2022-11-17,2.3123753507342077
2022-11-21,1.4904222770065427
2022-11-25,1.7272215440272745
2022-11-29,1.4059968522493294
2022-12-03,1.5626329144821902
2022-12-07,1.1366981915235674
2022-12-11,0.6458571631079766
2022-12-15,1.2940693882622083
2022-12-19,1.1634354591398162
2022-12-23,1.0687621130547302
2022-12-27,1.673390459035465
2022-12-31,0.8339336332358197
2023-01-04,0.8952919939922753
2023-01-08,0.5033456735426806
2023-01-12,0.9637449481673204
2023-01-16,0.7165382674219957
2023-01-20,1.4196575555711577
2023-01-24,1.3270872612008404
2023-01-28,0.9946038528610108
2023-02-01,1.4805184239158928
2023-02-05,1.272898394574146
2023-02-09,1.3151501008230075
2023-02-13,1.756259548016865
2023-02-17,1.9808994262349455
2023-02-21,1.4672128456804827
2023-02-25,1.4215247806536666
2023-03-01,1.5944955339398508
2023-03-05,1.3592362305389674
2023-03-09,2.844395921958325
2023-03-13,1.810109756774729
2023-03-17,3.3106594077032847
2023-03-21,2.4628013831718603
2023-03-25,2.8990548783602197
2023-03-29,2.314260775906402
2023-04-02,2.025169057269978
2023-04-06,2.5737646737140008
2023-04-10,2.1510053638205267
2023-04-14,2.680234482133253
2023-04-18,1.9526677724130148
2023-04-22,1.266947160742209
2023-04-26,2.194880249832608
2023-04-30,2.461444756262514
2023-05-04,6.695870061442352
2023-05-08,30.910220688423603
2023-05-12,9.017496493170343
2023-05-16,5.36717683427731
2023-05-20,5.418682009632649
2023-05-24,4.256440632164894
2023-05-28,3.4451319528762627
2023-06-01,5.246908521986222
2023-06-05,4.23720150199619
2023-06-09,5.058448235796124
2023-06-13,2.359256075462784
2023-06-17,2.2258949585846843
2023-06-21,3.5533305009126006
2023-06-25,2.3520363470066026
2023-06-29,2.573585268592743
2023-07-03,2.3884510174267426
2023-07-07,1.0496478500601865
2023-07-11,1.1761344822061275
2023-07-15,1.047095554991586
2023-07-19,1.1355624945937632
2023-07-23,1.3685364086215024
2023-07-27,1.473848312669759
2023-07-31,1.1048975333177153
2023-08-04,2.023821456253706
2023-08-08,2.5960123666427233
2023-08-12,1.1344608748731977
2023-08-16,0.9191268513398846
2023-08-20,0.6315956362589638
2023-08-24,1.1506866898479273
2023-08-28,1.3354772206865047
2023-09-01,1.6140165387860033
2023-09-05,1.3689211529654954
2023-09-09,1.4094662422881636
2023-09-13,1.5855498067809284
2023-09-17,1.2296729992761033
2023-09-21,2.9391584828620747
2023-09-25,3.0645038694959585
2023-09-29,2.399710773766623
2023-10-03,2.5730773014989508
2023-10-07,4.739391083504521
2023-10-11,2.2051989503961833
2023-10-15,1.2192790047143378
2023-10-19,1.8837664940419792
2023-10-23,1.7495069422585006
2023-10-27,1.9304311090769133
2023-10-31,1.447593784840588
2023-11-04,3.92310930989883
2023-11-08,7.167502461125683
2023-11-12,6.07328126567592
2023-11-16,18.689766110389634
2023-11-20,10.352954883707891
2023-11-24,5.895600476738059
2023-11-28,6.585229724370977
2023-12-02,5.77451534999368
2023-12-06,27.37632057253666
2023-12-10,9.441601938809521
2023-12-14,25.105531283983666
2023-12-18,25.23381335679847
2023-12-22,22.74548615784964
2023-12-26,12.9663674009282
2023-12-30,20.883903200577027
2024-01-03,12.789096080950772
2024-01-07,9.6503995433807
2024-01-11,10.501998311920342
2024-01-15,12.231324338091992
2024-01-19,7.526995541577384
2024-01-23,9.452924247204546
2024-01-27,4.036065770194712
2024-01-31,4.832019881965962
2024-02-04,12.563852858737281
2024-02-08,8.390473536819442
2024-02-12,8.056022137337834
2024-02-16,5.481351627911824
2024-02-20,4.1509321761059805
2024-02-24,3.920740652141341
2024-02-28,8.599459818027558
2024-03-03,7.448635197030641
2024-03-07,7.979236263644741
2024-03-11,7.402078106258289
2024-03-15,8.28585733766398
2024-03-19,6.413715763490421
2024-03-23,4.813131372882636
2024-03-27,5.929342593838303
2024-03-31,6.195568200084009
2024-04-04,4.809228696707734
2024-04-08,5.193779401223176
2024-04-12,24.35344099927647
2024-04-16,13.136666594151345
2024-04-20,127.03396474421231
2024-04-24,28.201087313888202
2024-04-28,6.966088929980231
2024-05-02,3.677041699006264
2024-05-06,5.004087628332961
2024-05-10,2.698862443190131
2024-05-14,3.2060051690581535
2024-05-18,2.987080970802374
2024-05-22,2.3666625240875088
2024-05-26,1.5750475099935741
2024-05-30,5.0118299592534745
2024-06-03,3.9224685614684933
2024-06-07,83.60726948020282
2024-06-11,6.455525100936955
2024-06-15,6.575675355835553
2024-06-19,3.336003295807229
2024-06-23,1.9415335123399327
2024-06-27,2.6778924557990496
2024-07-01,1.9109099540927266
2024-07-05,1.6723317673986635
2024-07-09,1.1628942411177963
2024-07-13,1.538939788298382
2024-07-17,1.4843187752382643
2024-07-21,0.7656475463046118
2024-07-25,0.9602136263248305
2024-07-29,0.880205135783469
2024-08-02,1.3694195755419847
2024-08-06,0.9457779521590232
2024-08-10,0.7485065344172225
2024-08-14,0.9522306637325862
2024-08-18,0.5583632278613585
2024-08-22,7.679156528892079
2024-08-26,0.9162522281448167
2024-08-30,0.8761022965956711
2024-09-03,0.8529911001957269
2024-09-07,0.45220703569226367
2024-09-11,0.9204964800242099
2024-09-15,0.5345406741241645
2024-09-19,1.3853543833381623
2024-09-23,0.8484656325572745
2024-09-27,1.6042479301845147
2024-10-01,0.7868056289955664
2024-10-05,0.9915066115362831
2024-10-09,1.7558880933175696
2024-10-13,2.3942049419453744
2024-10-17,6.257638727942186
2024-10-21,1.429060354437894
2024-10-25,4.745420700723073
2024-10-29,1.319933816037514
2024-11-02,0.9124670706690746
2024-11-06,1.215394458269482
2024-11-10,1.5245896219806137
2024-11-14,4.403656584551457
2024-11-18,2.3680970060039845
2024-11-22,3.4342053835816087
2024-11-26,3.3662673117609194
2024-11-30,1.524611536126662
2024-12-04,2.2784377392343447
2024-12-08,3.6169787917419614
2024-12-12,4.179703316892633
2024-12-16,3.1384244818857536
2024-12-20,3.6476052930513636
2024-12-24,2.8092917446421293
2024-12-28,1.800601955266705
2025-01-01,1.5342999646933566
2025-01-05,1.3304969418385506
2025-01-09,1.2805748729420443
2025-01-13,1.7699361140091074
2025-01-17,2.1691169218979427
2025-01-21,3.2664638235481407
2025-01-25,1.6669008378909271
2025-01-29,1.3962207607570067
2025-02-02,1.1802098980370141
2025-02-06,1.2085424357072883
2025-02-10,1.2544630447804828
2025-02-14,1.3333687986126093
2025-02-18,1.0627969442068184
2025-02-22,1.1158629495753185
2025-02-26,2.3669528224766148
2025-03-02,1.850808454668229
2025-03-06,1.2670865527856179
2025-03-10,0.966340911989158
2025-03-14,1.0352240863510245
2025-03-18,1.0100511811621804
2025-03-22,1.9978163025036544
2025-03-26,1.6483438607537364
2025-03-30,0.8568124078034506
2025-04-03,1.2235895575352929
