Date,Market Value to Realised Value
2010-10-09 20:41:19,6.352666686780362
2010-10-13 02:47:11,6.3531377286306885
2010-10-15 22:54:12,5.641056630249542
2010-10-17 23:55:18,5.150963882595316
2010-10-20 03:06:59,4.5767339912147635
2010-10-22 18:01:09,4.730775110836345
2010-10-25 15:02:32,7.104445241046354
2010-10-27 23:10:58,6.990622171465152
2010-10-30 08:14:56,6.15992106333134
2010-11-02 02:32:55,6.110066493139676
2010-11-04 21:37:43,7.570987465931204
2010-11-07 06:26:16,6.8575001113364
2010-11-09 07:46:07,6.218026972971281
2010-11-11 21:02:41,3.9327043395213708
2010-11-14 11:52:26,4.369222888156612
2010-11-17 02:05:00,3.9068690821891168
2010-11-19 06:58:44,3.8759290197947536
2010-11-23 01:46:29,3.8291734209087993
2010-11-26 06:37:54,3.636663663845178
2010-11-29 04:17:33,3.641400175037186
2010-12-01 21:03:49,3.33477049067733
2010-12-04 13:19:06,3.2639783553750985
2010-12-06 19:11:58,2.8799567651896494
2010-12-09 01:13:44,2.8699474832329925
2010-12-12 00:24:14,2.577420021926072
2010-12-15 06:43:53,2.7750236032995423
2010-12-18 08:44:35,2.9724002901527893
2010-12-21 11:59:10,3.1126219010248763
2010-12-24 22:46:54,2.825478875281197
2010-12-28 05:28:42,3.0187267863297826
2010-12-31 11:48:58,3.272906343909936
2011-01-03 12:11:38,3.2173667784880484
2011-01-07 03:26:42,3.163596934452153
2011-01-10 07:34:46,3.3147396699236222
2011-01-13 12:21:53,3.463414028801888
2011-01-16 12:40:07,3.9056182490790348
2011-01-19 17:22:27,3.475715568405893
2011-01-22 20:55:03,3.894264462951525
2011-01-25 23:42:26,3.749111906741403
2011-01-29 04:02:16,3.289346092062832
2011-02-01 09:43:36,3.9623767229252347
2011-02-04 15:52:08,5.1009912630180265
2011-02-07 12:49:41,5.584188563321964
2011-02-10 09:56:07,5.216608063152171
2011-02-13 03:05:05,5.40689256543491
2011-02-15 18:26:58,5.252375679013871
2011-02-18 01:02:45,4.975530746945351
2011-02-20 20:14:12,4.587887976086983
2011-02-23 10:36:30,3.9703654931358465
2011-02-25 17:43:24,4.209865793936692
2011-02-27 18:38:10,4.162493296612676
2011-03-03 06:07:15,3.475245270040641
2011-03-05 14:25:41,3.301176251543819
2011-03-07 15:19:05,3.1907343943015953
2011-03-11 00:26:09,3.063897748437614
2011-03-15 09:32:19,3.0678034450924168
2011-03-19 12:15:06,2.8178475672157717
2011-03-23 10:36:51,2.605046476515847
2011-03-26 21:00:57,2.8405390265474644
2011-03-30 07:06:41,2.600439609881885
2011-04-02 06:46:39,2.4984295152149962
2011-04-05 07:31:49,2.42900620272773
2011-04-08 15:08:19,2.3681068647979733
2011-04-11 22:01:50,2.315697109307737
2011-04-14 22:57:55,2.976845692070188
2011-04-18 06:00:22,3.1801206274668026
2011-04-21 18:05:46,3.341399662409456
2011-04-24 22:02:22,4.349797947193889
2011-04-27 15:53:12,4.482827691473039
2011-04-30 13:26:33,5.553144277813941
2011-05-03 08:01:50,5.930079736953125
2011-05-05 22:03:17,5.066619454770813
2011-05-08 10:11:40,4.884154072631838
2011-05-10 20:33:42,5.138212883945951
2011-05-13 17:07:25,6.132624542097821
2011-05-16 00:49:17,6.444000119205168
2011-05-18 02:18:18,5.4531212332791865
2011-05-20 10:01:31,4.559965471690991
2011-05-22 16:47:37,4.072296009473312
2011-05-24 15:00:43,4.489202038704787
2011-05-26 08:13:05,4.555981605668632
2011-05-29 00:56:15,4.6760738999779425
2011-06-01 07:13:49,4.66853253368483
2011-06-04 00:15:26,5.374940045928282
2011-06-06 08:46:19,7.38146449386699
2011-06-09 03:36:14,6.984563767988254
2011-06-11 12:35:22,6.745181807088258
2011-06-13 16:53:23,3.7606833390942307
2011-06-15 18:52:51,2.8525339895633084
2011-06-18 12:21:28,2.464818306693289
2011-06-20 21:36:30,2.656040224525822
2011-06-22 23:17:01,2.2057071530841266
2011-06-25 10:54:21,2.4052153594822596
2011-06-28 19:41:18,2.4933819504580415
2011-07-01 18:26:20,2.3759764930366996
2011-07-04 21:40:51,2.144581319201385
2011-07-08 14:08:26,2.194907587275084
2011-07-12 00:05:31,2.087102145890922
2011-07-15 08:30:11,1.8918251403039752
2011-07-18 15:28:42,1.8622107486668242
2011-07-22 00:58:53,1.898457367909077
2011-07-25 10:31:51,1.899571945821935
2011-07-28 12:01:37,1.909585738506216
2011-07-31 19:27:07,1.8861277153025346
2011-08-04 04:31:00,1.776359403001855
2011-08-08 09:14:26,1.403350429580216
2011-08-12 03:24:04,1.4634240536717629
2011-08-16 06:50:32,1.5860761969126016
2011-08-20 02:43:38,1.6090998247083328
2011-08-23 11:26:52,1.5802902547253284
2011-08-27 10:27:33,1.4389302932330243
2011-08-31 08:20:16,1.3069096876052122
2011-09-04 01:55:32,1.209064543794725
2011-09-07 19:08:23,1.1054379527534084
2011-09-11 18:29:11,0.9440274642320833
2011-09-15 16:01:08,0.9083867192792016
2011-09-19 14:57:26,0.7740155343044841
2011-09-23 07:52:15,0.9241883192969744
2011-09-27 09:37:44,0.8395274647389661
2011-10-01 12:17:37,0.7891946612857398
2011-10-05 14:05:35,0.7843263883675351
2011-10-09 17:45:49,0.7227658892253409
2011-10-14 13:02:17,0.6811931271213758
2011-10-18 18:52:42,0.5809484214484988
2011-10-23 08:21:59,0.48589712662653317
2011-10-27 22:28:27,0.479785672737462
2011-11-01 10:58:57,0.570215033454613
2011-11-05 04:28:05,0.537342305726385
2011-11-09 01:21:02,0.5084684395502733
2011-11-13 00:27:18,0.518867380167932
2011-11-16 16:22:16,0.48925793675719864
2011-11-20 15:29:29,0.4403555474252276
2011-11-24 22:34:38,0.44947541957158815
2011-11-29 05:36:59,0.4870349439016666
2011-12-02 22:23:03,0.5969170231478961
2011-12-06 18:02:21,0.5680734230829299
2011-12-10 08:25:08,0.592187045439408
2011-12-14 05:44:54,0.6397446752374754
2011-12-18 07:39:32,0.6242725085443632
2011-12-22 03:31:35,0.8405178376786525
2011-12-25 20:19:58,0.7792794239174363
2011-12-29 09:21:07,0.7966212706575975
2012-01-02 07:05:15,0.9771017231325979
2012-01-05 23:05:36,1.1018328450980786
2012-01-09 03:49:08,1.3284857783573278
2012-01-12 21:03:19,1.3126312314082909
2012-01-16 19:11:44,1.2870739698139302
2012-01-20 15:38:37,1.1887397518756857
2012-01-24 06:34:08,1.1680439961730795
2012-01-28 03:41:26,1.0979329189686169
2012-01-31 14:19:35,1.0334049716681881
2012-02-04 04:43:34,1.1312998549691828
2012-02-07 21:53:25,1.0615095197573374
2012-02-11 17:44:47,1.086058051720499
2012-02-15 12:49:27,1.0315080928795453
2012-02-19 01:59:12,0.875876477430023
2012-02-22 19:42:28,0.842643546353935
2012-02-26 06:13:36,0.970569322837911
2012-02-29 17:10:56,0.9422936507723534
2012-03-04 18:01:34,0.9252370629378349
2012-03-08 12:31:44,0.9651847484752568
2012-03-12 03:31:01,0.9487800138097994
2012-03-16 00:50:02,1.0414119876207644
2012-03-19 12:24:11,1.0275220409599897
2012-03-23 07:48:44,0.9338924835562203
2012-03-26 22:31:08,0.9046179416326758
2012-03-30 17:56:40,0.9433382375604497
2012-04-03 16:38:41,0.98615390002203
2012-04-07 23:15:27,0.9740379654920709
2012-04-11 20:16:32,0.960553078696308
2012-04-16 04:07:13,0.983368353068423
2012-04-20 01:03:05,1.0153135937963547
2012-04-24 01:38:11,1.0352693977039022
2012-04-28 04:25:58,1.007408394841958
2012-05-01 12:21:08,0.9803566550763039
2012-05-04 22:59:46,1.0146813834508153
2012-05-08 05:59:28,1.001909483402376
2012-05-11 23:02:24,1.0022371583598497
2012-05-16 03:06:44,0.9920143328317649
2012-05-20 03:14:43,1.0114829184431318
2012-05-24 09:37:20,1.0191650531171759
2012-05-28 07:59:44,1.0232359379017222
2012-06-01 10:39:15,1.0352560917838722
2012-06-05 01:41:58,1.051886816430272
2012-06-08 20:45:26,1.1036743097575528
2012-06-12 10:06:23,1.1089181963088155
2012-06-16 00:57:57,1.1871655038815405
2012-06-19 10:13:54,1.2730963506287591
2012-06-23 11:58:14,1.3233776078923878
2012-06-27 02:45:03,1.2569901489474895
2012-06-30 22:57:21,1.2950375256981503
2012-07-04 15:28:35,1.3004863432826568
2012-07-08 05:48:07,1.3037031485596349
2012-07-11 23:40:30,1.4093845423940443
2012-07-15 17:14:13,1.5127632469543852
2012-07-19 06:34:33,1.800291797227387
2012-07-23 03:11:46,1.7746503232421487
2012-07-26 18:50:50,1.6402874999829025
2012-07-30 06:01:51,1.650802628178593
2012-08-03 06:12:01,1.7708219601118647
2012-08-07 00:02:35,1.992371190762621
2012-08-10 09:25:06,2.02323321127237
2012-08-13 22:49:42,2.0396543712872464
2012-08-17 12:45:08,2.3055369636808876
2012-08-21 00:58:45,1.8536344148268284
2012-08-24 12:41:49,1.6734209036023866
2012-08-28 06:37:42,1.8261018438939634
2012-09-01 01:23:43,1.7380282275589263
2012-09-04 16:39:19,1.6555063586176357
2012-09-08 00:44:51,1.7703469881699492
2012-09-11 20:14:09,1.7248185184929934
2012-09-15 20:00:21,1.7975154246028253
2012-09-19 11:08:18,1.8408155397621428
2012-09-23 07:51:25,1.8653634805762
2012-09-27 04:46:18,1.8191353134687451
2012-10-01 00:44:35,1.8329982725953746
2012-10-05 08:45:55,1.8847121265211244
2012-10-09 10:06:35,1.7877028162962287
2012-10-13 07:33:08,1.7499134615773193
2012-10-17 04:49:35,1.722165868695952
2012-10-21 02:37:58,1.7008403518595925
2012-10-24 22:51:33,1.6985535882002822
2012-10-28 16:08:52,1.5349440315789624
2012-11-01 18:01:18,1.5730579783745433
2012-11-05 17:09:45,1.5168641132030742
2012-11-09 15:33:10,1.5754982241381563
2012-11-13 17:23:37,1.569199921067479
2012-11-17 19:43:11,1.6413254390374803
2012-11-21 18:49:44,1.6501729434564694
2012-11-25 16:04:35,1.7253711506135907
2012-11-29 05:58:35,1.7158807312639748
2012-12-03 03:59:18,1.7350937412436713
2012-12-07 16:54:56,1.8356407760182931
2012-12-11 20:45:13,1.8094739259665538
2012-12-16 11:43:58,1.8227209790169876
2012-12-20 20:41:36,1.76654770916602
2012-12-25 01:25:36,1.763348516582759
2012-12-28 18:09:19,1.7643892132374375
2013-01-01 07:53:42,1.764525773898854
2013-01-04 21:19:36,1.7464297953540513
2013-01-08 13:17:09,1.7556031381520094
2013-01-12 18:30:57,1.8346051085323734
2013-01-16 20:34:42,1.8444884025994148
2013-01-21 02:10:46,1.9906741458096036
2013-01-25 00:41:28,2.1920346717830808
2013-01-28 19:26:38,2.1452532298811278
2013-02-01 07:09:44,2.3342605130419396
2013-02-04 14:16:59,2.2988305107264724
2013-02-08 04:03:35,2.348291713354027
2013-02-11 17:50:04,2.5317186119231367
2013-02-15 06:18:51,2.583777072344096
2013-02-18 04:17:44,2.694492329106081
2013-02-21 08:48:35,2.8440253020002504
2013-02-24 14:55:37,2.7949424805270424
2013-02-27 14:25:21,2.7844910696586163
2013-03-03 00:01:25,2.965829242826429
2013-03-06 08:39:12,3.170911551015537
2013-03-09 18:47:25,3.344563965515068
2013-03-13 02:04:01,3.4676839627203835
2013-03-16 08:13:41,3.2764308049882698
2013-03-19 02:42:06,3.2753774370815254
2013-03-21 19:10:39,4.163834940411323
2013-03-24 06:24:23,3.9320348001757757
2013-03-27 21:05:33,4.147697290868728
2013-03-30 21:31:44,4.3062565314121235
2013-04-02 20:24:22,4.512543109987347
2013-04-06 04:01:11,4.685432996713887
2013-04-09 09:06:32,5.37147978992385
2013-04-12 11:26:11,3.185164463942019
2013-04-15 18:29:45,2.426965004924972
2013-04-19 01:23:51,2.401080741691318
2013-04-22 11:12:45,2.982838849625638
2013-04-25 17:41:48,3.454275560923958
2013-04-28 22:08:15,2.7831645251130595
2013-05-02 08:36:03,2.7863072169282557
2013-05-05 22:23:47,2.4134287690923197
2013-05-09 02:04:17,2.3785260783134574
2013-05-12 04:32:58,2.4736303852995887
2013-05-15 13:10:49,2.40976403621357
2013-05-19 01:57:18,2.569975567547495
2013-05-22 15:33:37,2.5309150790802875
2013-05-25 21:06:54,2.7148077258769012
2013-05-29 04:25:08,2.6040420126427732
2013-06-01 03:23:26,2.559989851814617
2013-06-03 18:50:01,2.4137120596977653
2013-06-06 11:19:40,2.384853742386733
2013-06-09 16:49:35,2.1207145940889633
2013-06-12 16:42:10,2.119508348007894
2013-06-15 15:29:53,1.969758129847412
2013-06-18 22:31:37,1.9842170729419752
2013-06-22 08:38:15,2.1486633450786474
2013-06-25 15:48:26,2.0221898196128363
2013-06-28 17:55:07,1.9728690988893527
2013-07-02 02:01:07,1.8605766775936063
2013-07-05 05:49:55,1.5310084851135606
2013-07-08 03:14:51,1.4006605746946625
2013-07-10 22:36:15,1.5118193983272534
2013-07-14 03:55:41,1.8551250626104436
2013-07-17 09:53:05,1.9016257316795773
2013-07-20 12:15:32,1.7802509209685715
2013-07-23 12:05:23,1.7848309244745995
2013-07-27 02:00:35,1.8846479485741567
2013-07-30 03:54:23,1.9255245230015452
2013-08-01 23:57:56,2.0477088093710365
2013-08-04 23:14:30,1.9980851516814089
2013-08-07 19:55:14,2.019511581918137
2013-08-10 11:02:23,1.9440540310932484
2013-08-12 22:37:21,1.9799250306503227
2013-08-16 05:23:46,1.848580772996956
2013-08-19 02:45:08,1.8609952074206202
2013-08-22 00:31:24,1.9559048846061347
2013-08-24 16:24:52,2.001890078929502
2013-08-27 23:13:00,2.0646535136011073
2013-08-30 19:16:24,2.170389818686429
2013-09-02 05:00:58,2.344525559443488
2013-09-05 01:41:50,2.299011448467833
2013-09-08 07:31:59,2.113863174047592
2013-09-11 04:44:21,2.1480328014650825
2013-09-13 18:22:19,2.238332575619655
2013-09-16 14:52:42,2.1869375316440656
2013-09-19 17:55:15,2.19920688644151
2013-09-22 13:23:19,2.1246060510479645
2013-09-25 03:19:45,2.108677472874216
2013-09-28 04:24:11,2.1382886688465126
2013-10-01 07:15:30,2.1566776238071204
2013-10-04 05:51:40,1.8484643411592376
2013-10-07 01:44:40,2.0560494663442968
2013-10-10 07:42:09,2.0934896648164822
2013-10-13 03:33:32,2.126042109880953
2013-10-15 10:44:46,2.2342864732227987
2013-10-18 04:32:43,2.284905488789244
2013-10-20 21:06:26,2.942546430389705
2013-10-23 08:46:35,2.8520655389106286
2013-10-25 20:01:44,2.8448105230678826
2013-10-28 19:02:35,2.786671794307365
2013-10-31 17:48:02,2.8808907109477624
2013-11-03 10:30:18,2.819559985693289
2013-11-06 11:23:25,3.1916578753387084
2013-11-10 02:30:52,4.025488516521288
2013-11-13 01:09:29,3.9301601747079125
2013-11-16 05:10:17,4.3252142806151355
2013-11-19 11:09:53,5.39137490171754
2013-11-22 21:08:05,5.684473654038203
2013-11-26 02:32:42,5.3263142297821915
2013-11-29 08:12:57,5.105583824408071
2013-12-02 11:54:04,4.720302892776354
2013-12-05 16:03:27,4.815912776428099
2013-12-08 15:43:12,3.0055999193985103
2013-12-11 14:01:00,3.843709082686169
2013-12-14 18:03:06,3.487950179131007
2013-12-17 19:06:41,2.686654304647599
2013-12-20 10:21:18,2.433861862213806
2013-12-23 18:49:02,2.3916869401231975
2013-12-27 00:15:35,2.586082156189189
2013-12-30 08:10:02,2.7104980976304676
2014-01-02 09:54:22,2.7824789730421995
2014-01-05 22:10:07,3.036283711926815
2014-01-08 22:18:58,2.838473293491025
2014-01-11 17:23:09,3.0309893576949656
2014-01-14 19:04:09,2.8836961390166027
2014-01-17 23:46:04,2.81291782332742
2014-01-21 02:34:13,2.8734506184799904
2014-01-24 06:10:37,2.771380833331791
2014-01-27 19:18:41,2.740434029808958
2014-01-31 05:48:45,2.66712719774673
2014-02-03 04:01:53,2.7176354923416204
2014-02-06 12:09:50,2.558066729453293
2014-02-10 00:07:31,2.1855434053556135
2014-02-13 09:06:46,2.1322251759012487
2014-02-16 11:59:27,2.121716118413642
2014-02-19 19:14:46,2.020230392131046
2014-02-23 05:48:50,1.8917637553085345
2014-02-26 14:22:06,1.7985132921930553
2014-03-02 01:28:52,1.8032217685269576
2014-03-05 22:42:11,2.1893155731376424
2014-03-09 09:51:43,1.9645789192312788
2014-03-12 22:23:16,1.937411113082236
2014-03-16 15:28:03,1.9391501427989675
2014-03-20 02:55:58,1.8742818907981047
2014-03-23 08:51:49,1.7236028810118793
2014-03-26 17:08:04,1.7772187157108055
2014-03-30 00:24:16,1.5195229673144397
2014-04-02 11:48:55,1.4371034649571168
2014-04-05 07:15:35,1.3806833972323072
2014-04-09 07:03:56,1.3893740520228135
2014-04-12 21:15:31,1.3011238172718211
2014-04-16 00:57:19,1.4381181927812978
2014-04-19 17:32:08,1.5012023774686307
2014-04-23 04:34:17,1.5322838900396238
2014-04-26 21:18:58,1.4320202364039525
2014-04-30 12:12:30,1.376093966336829
2014-05-04 08:11:25,1.388967426631669
2014-05-08 00:16:12,1.3258709910076862
2014-05-11 10:58:58,1.4027308396259053
2014-05-15 02:42:25,1.3648350881780533
2014-05-18 11:36:13,1.3930348883555026
2014-05-21 22:30:36,1.5143844192202878
2014-05-25 10:56:03,1.621341881530665
2014-05-29 03:07:08,1.7510569959284779
2014-06-01 15:25:01,1.894298734358904
2014-06-04 17:44:44,2.0098430106557164
2014-06-08 12:11:08,1.948414104873241
2014-06-12 07:22:00,1.9000053753643336
2014-06-15 15:26:13,1.6845045462815256
2014-06-18 18:06:44,1.7630147071920599
2014-06-22 00:43:12,1.726765430938655
2014-06-25 04:38:16,1.696260423256741
2014-06-28 09:19:25,1.6956489261493457
2014-07-02 03:21:15,1.842766138794358
2014-07-05 21:18:15,1.796199973002096
2014-07-09 16:32:36,1.785061067535612
2014-07-13 09:16:24,1.8081112028431536
2014-07-17 03:41:02,1.7700476639074845
2014-07-20 11:46:31,1.7900669215262919
2014-07-24 07:09:42,1.7542413106820705
2014-07-28 04:22:21,1.681964343348572
2014-07-31 23:21:27,1.5947272766379001
2014-08-04 18:01:14,1.6509901601710861
2014-08-08 11:42:41,1.632901859160023
2014-08-11 20:17:47,1.6495136259705843
2014-08-15 06:18:15,1.5058557693373154
2014-08-18 14:27:27,1.4106801995703386
2014-08-21 21:47:18,1.4517614068300329
2014-08-25 15:34:07,1.4105342284347715
2014-08-29 00:41:31,1.439329526185219
2014-09-01 08:47:56,1.3943785212541044
2014-09-05 01:16:26,1.341103497403648
2014-09-08 17:05:17,1.3453692161203699
2014-09-12 09:58:38,1.349346828555032
2014-09-15 22:38:49,1.340748057751738
2014-09-19 04:09:46,1.2698849101518002
2014-09-22 14:54:34,1.1537124988961105
2014-09-26 04:59:51,1.2017920086432592
2014-09-30 08:14:30,1.073855984097394
2014-10-04 02:54:19,1.07797734480842
2014-10-07 15:02:49,0.9528174462181049
2014-10-11 12:35:38,1.0613391276226762
2014-10-15 11:56:51,1.1654949095778064
2014-10-19 04:59:57,1.1298905937478623
2014-10-23 03:12:00,1.1340613426883182
2014-10-26 21:43:31,1.0311840218276391
2014-10-30 13:08:03,1.0139000887517071
2014-11-02 20:50:45,0.9657466371216223
2014-11-06 11:37:43,0.997825669334065
2014-11-10 05:44:45,1.048722624182226
2014-11-14 03:37:08,1.2502719253139685
2014-11-17 22:43:05,1.1556780581976394
2014-11-21 21:50:07,1.0775555048504322
2014-11-25 18:37:46,1.1105821454482008
2014-11-29 15:23:03,1.1305083406296803
2014-12-03 16:34:53,1.143725055995028
2014-12-07 16:15:40,1.1388537697902401
2014-12-11 12:08:49,1.0734700713884833
2014-12-15 12:24:26,1.088793309401213
2014-12-19 19:37:59,0.9707775383835163
2014-12-23 18:47:47,1.0193533574620814
2014-12-27 07:39:28,1.0062065413035006
2014-12-30 22:10:28,0.978389589880139
2015-01-03 09:59:07,0.9903093717264123
2015-01-07 00:53:15,0.8679077114343191
2015-01-10 22:30:01,0.9214130953755072
2015-01-14 21:04:41,0.7243588097329866
2015-01-18 19:39:46,0.6501898870021207
2015-01-22 20:59:39,0.7232712974365093
2015-01-27 08:06:48,0.8534156397565131
2015-01-31 02:19:23,0.7698553736256365
2015-02-03 21:33:10,0.7730393320327705
2015-02-07 09:24:18,0.7227145781874761
2015-02-11 05:06:46,0.727381334223161
2015-02-14 23:24:46,0.7852612527711473
2015-02-18 16:47:28,0.8058278145593069
2015-02-22 09:03:26,0.815802387143313
2015-02-26 05:19:56,0.7977451247223689
2015-03-02 02:55:44,0.8466114735446387
2015-03-05 23:52:07,0.905465860746756
2015-03-09 20:12:15,0.922160138024804
2015-03-13 17:16:15,0.9869133887077496
2015-03-17 15:33:14,0.9643371417149139
2015-03-21 15:15:30,0.8778704127020497
2015-03-25 05:28:24,0.8749602030612618
2015-03-28 18:25:24,0.8344685528280518
2015-04-01 15:18:05,0.8280397449009297
2015-04-05 09:02:05,0.8592519279248031
2015-04-09 11:45:32,0.8452506872805318
2015-04-13 12:05:10,0.8036252688751417
2015-04-17 12:42:54,0.7688049242736272
2015-04-21 08:11:15,0.76488229618628
2015-04-25 07:14:44,0.8030616453355577
2015-04-29 02:25:20,0.779166660571267
2015-05-03 02:03:10,0.7949119087235291
2015-05-06 22:21:17,0.8115196087620365
2015-05-11 00:31:28,0.8342332761831551
2015-05-14 16:48:32,0.8202608889888483
2015-05-18 10:05:32,0.8158253122301176
2015-05-22 08:13:45,0.8100642554673256
2015-05-26 09:03:02,0.8239805182429045
2015-05-30 09:51:32,0.8190711379091359
2015-06-03 04:35:09,0.7800562183380763
2015-06-06 22:18:12,0.7846699689792663
2015-06-10 13:52:31,0.7985159505236774
2015-06-14 06:59:36,0.8061368278151988
2015-06-18 08:16:27,0.8725500415068147
2015-06-22 05:55:02,0.8557897081598743
2015-06-26 00:01:19,0.8415831119830903
2015-06-29 23:45:38,0.8717942194131676
2015-07-03 16:26:37,0.8946252927385422
2015-07-07 07:31:15,0.9493285001119672
2015-07-11 01:04:13,0.9466467785003438
2015-07-14 21:43:43,1.0284201408127847
2015-07-18 14:10:26,0.9762277964540614
2015-07-22 10:09:39,0.974730096490562
2015-07-26 02:47:15,1.0126661025795576
2015-07-30 00:00:00,1.0289914539298057
2015-08-02 17:46:05,0.9862022073728842
2015-08-06 17:00:50,0.9891419460629737
2015-08-10 10:06:39,0.9268289677161723
2015-08-14 01:55:24,0.9423669358808864
2015-08-18 02:44:41,0.9049556685559861
2015-08-21 16:10:47,0.8295484001191377
2015-08-25 09:53:34,0.7893616955438714
2015-08-29 05:47:03,0.8150192616870475
2015-09-01 21:31:24,0.8283944058092738
2015-09-05 13:42:09,0.82591546483515
2015-09-09 09:39:06,0.8723163240255315
2015-09-13 00:44:03,0.865233864276311
2015-09-16 13:01:08,0.8300074809884342
2015-09-20 18:08:08,0.8360412721080842
2015-09-24 13:04:21,0.8330760872713218
2015-09-28 08:05:31,0.848793050180991
2015-10-01 21:56:08,0.8611654472062914
2015-10-05 17:01:08,0.8667515528007944
2015-10-09 17:36:22,0.8859882720355235
2015-10-13 15:14:43,0.8977935193157659
2015-10-17 05:24:49,0.9527824459421259
2015-10-21 04:02:37,0.9755693315188171
2015-10-24 22:31:11,1.021252376002008
2015-10-28 15:28:18,1.0860966965580874
2015-11-01 04:45:10,1.1553449562659726
2015-11-04 19:57:08,1.638763922118824
2015-11-08 13:31:30,1.3433533633050159
2015-11-12 04:00:26,1.1024180566610393
2015-11-15 18:18:57,1.154333470125318
2015-11-19 07:50:36,1.1665214481311745
2015-11-22 16:31:36,1.136386986209017
2015-11-26 04:19:33,1.1347444320620284
2015-11-29 16:48:47,1.2470762980233685
2015-12-03 03:02:31,1.2381622550675364
2015-12-06 16:24:14,1.3556239771159817
2015-12-10 01:34:49,1.4380091381784925
2015-12-13 01:14:37,1.4659971911049732
2015-12-16 03:59:05,1.5614074289383035
2015-12-19 15:21:53,1.5541796544133397
2015-12-23 02:52:39,1.4678067509449295
2015-12-26 14:22:27,1.476075002525297
2015-12-29 20:51:05,1.4125789729622158
2016-01-02 12:58:16,1.439119242355591
2016-01-05 22:26:17,1.436316772790078
2016-01-09 12:38:05,1.4914242005699816
2016-01-12 15:16:14,1.4753779857312768
2016-01-16 13:13:35,1.2538773180518097
2016-01-20 00:44:22,1.2628973284006695
2016-01-23 11:58:18,1.2739832097190835
2016-01-26 16:11:59,1.299859516637792
2016-01-30 01:36:50,1.2511662052885144
2016-02-02 04:34:25,1.2378620150145954
2016-02-05 06:17:42,1.2778087810399703
2016-02-08 04:44:27,1.2522827930150824
2016-02-11 09:05:00,1.2686869378826149
2016-02-14 15:18:21,1.3147937334649453
2016-02-18 03:36:21,1.377847600878101
2016-02-21 18:18:38,1.4518160420982718
2016-02-25 18:25:54,1.3911785486300723
2016-02-29 12:33:27,1.4263577437512212
2016-03-04 06:50:51,1.3755368603933211
2016-03-07 20:50:03,1.329181682361746
2016-03-11 05:39:10,1.3563915257686312
2016-03-14 22:29:00,1.3481483939645484
2016-03-18 10:49:29,1.357342599972457
2016-03-22 06:06:57,1.333960373364885
2016-03-25 21:19:35,1.3464193238986337
2016-03-29 07:17:28,1.3685415285188076
2016-04-01 23:28:57,1.3428025748720203
2016-04-05 13:14:43,1.357266724089269
2016-04-09 03:18:56,1.3521293011811377
2016-04-12 11:55:14,1.3595677850392431
2016-04-15 21:35:45,1.3690201113730491
2016-04-19 12:38:23,1.374114222217646
2016-04-23 01:19:09,1.430512238706818
2016-04-26 22:19:58,1.4803932102814812
2016-04-30 15:29:27,1.4397830501130884
2016-05-04 02:14:27,1.4162184364856822
2016-05-07 14:03:33,1.4481109135613115
2016-05-10 18:15:36,1.4429097821010286
2016-05-14 12:27:33,1.4348446400414472
2016-05-18 06:29:45,1.4218562739263958
2016-05-22 00:12:40,1.3781085964062865
2016-05-25 05:54:09,1.3880607905445117
2016-05-29 01:14:20,1.567521061349826
2016-06-01 21:28:59,1.6458757162721793
2016-06-05 15:37:27,1.7567156974716536
2016-06-09 02:27:48,1.7464048814906896
2016-06-12 14:28:29,1.8536242935638396
2016-06-16 04:33:18,2.0175217908132637
2016-06-19 12:55:48,2.1437201098533567
2016-06-23 03:56:27,1.811518004745832
2016-06-26 19:30:34,1.8200005432628303
2016-06-30 10:07:36,1.7978885708247812
2016-07-03 23:18:47,1.8857411652648746
2016-07-07 17:04:40,1.8301628407780228
2016-07-11 08:48:24,1.7998582164662247
2016-07-15 05:01:57,1.8189655027756197
2016-07-18 17:24:34,1.8791279336413358
2016-07-22 12:56:26,1.8260138146093328
2016-07-26 17:11:32,1.7854500235215667
2016-07-30 16:55:29,1.792498936816575
2016-08-03 05:36:08,1.5798387315627131
2016-08-06 10:05:40,1.5601166702551112
2016-08-10 01:38:10,1.6058518040817589
2016-08-13 11:32:05,1.607241197259314
2016-08-17 01:55:25,1.568161789163008
2016-08-20 17:35:51,1.576609374379774
2016-08-24 03:57:47,1.5903061223880088
2016-08-27 23:44:47,1.5598553726674542
2016-08-31 13:13:40,1.5700635513306982
2016-09-04 07:03:51,1.5937626201169182
2016-09-07 18:44:47,1.6555305542441094
2016-09-11 10:09:06,1.6873400910391412
2016-09-14 15:27:50,1.6399409291207447
2016-09-18 02:08:32,1.6320688505014715
2016-09-21 16:47:30,1.6076539882312588
2016-09-25 03:16:45,1.618218850386211
2016-09-28 09:49:43,1.623234088076502
2016-10-01 23:36:30,1.6484484322915622
2016-10-05 11:16:10,1.631097220974017
2016-10-08 19:18:56,1.6481834845931562
2016-10-12 12:18:30,1.6975925583594578
2016-10-16 10:59:04,1.6965673415956406
2016-10-20 08:27:20,1.666992030286218
2016-10-23 21:42:57,1.7307999895123327
2016-10-27 13:58:35,1.7817142001365327
2016-10-30 23:08:03,1.8426998688977494
2016-11-03 14:08:38,1.9168103645972876
2016-11-07 08:02:01,1.8239239304774977
2016-11-10 18:17:13,1.8499797010321497
2016-11-14 01:53:49,1.7873890349900707
2016-11-17 05:37:12,1.894367086234587
2016-11-20 22:02:21,1.8907492957404102
2016-11-24 15:42:10,1.867426222736967
2016-11-28 03:40:13,1.839746587279665
2016-12-01 13:21:31,1.870677656102754
2016-12-05 01:47:42,1.8959295773848566
2016-12-08 10:12:03,1.8893368373249662
2016-12-11 23:38:26,1.8843427366262642
2016-12-15 09:27:49,1.9029871925181034
2016-12-19 05:26:36,1.9200463914132302
2016-12-22 18:23:39,2.054286561192733
2016-12-26 06:42:43,2.1133183641943365
2016-12-29 18:42:21,2.273514411688527
2017-01-02 05:15:51,2.29275187238806
2017-01-05 14:13:23,2.5652913340760644
2017-01-09 00:33:55,2.0546678016666586
2017-01-12 12:47:34,1.7221278458374303
2017-01-15 17:29:37,1.8233656816542057
2017-01-19 02:05:57,1.9637457899621624
2017-01-22 00:01:56,2.049172171926457
2017-01-25 12:54:01,1.9912516814307801
2017-01-28 19:23:31,2.028218098735474
2017-02-01 04:19:20,2.1020117053638367
2017-02-04 11:36:00,2.2053969576393664
2017-02-08 04:43:56,2.2652654499660088
2017-02-11 16:39:49,2.125119017143746
2017-02-15 02:22:07,2.1383094503794764
2017-02-18 15:51:19,2.2294768025354106
2017-02-22 12:13:59,2.32693657103462
2017-02-25 22:49:06,2.3983775467485486
2017-03-01 05:48:54,2.429426459061605
2017-03-04 20:39:01,2.5642702522506537
2017-03-08 12:08:30,2.4262505856275682
2017-03-12 01:23:19,2.3137978374541768
2017-03-15 13:56:41,2.433884062165298
2017-03-19 00:38:09,2.0064911570681865
2017-03-22 14:41:37,2.0948195552202393
2017-03-26 00:44:40,1.7926787559204054
2017-03-29 13:41:30,1.9902201030562578
2017-04-02 05:54:13,2.068863493957291
2017-04-05 17:28:15,2.1384489641023974
2017-04-09 06:15:08,2.221594752487479
2017-04-12 17:35:56,2.2727751759603723
2017-04-16 13:06:56,2.199869691269759
2017-04-20 07:14:19,2.216690574412632
2017-04-23 20:08:39,2.264511616708841
2017-04-27 12:43:25,2.3555795724476267
2017-04-30 23:48:13,2.39200862832557
2017-05-04 12:29:39,2.6592027210727407
2017-05-07 21:59:14,2.6671395323241778
2017-05-11 03:59:41,2.921541918534845
2017-05-14 16:27:17,2.888957393039153
2017-05-18 04:27:36,2.8830410215824154
2017-05-21 14:44:55,3.1538401519589585
2017-05-25 00:07:02,3.5035625304547477
2017-05-28 06:47:51,2.9545961418236346
2017-05-31 12:17:22,3.0505350653934373
2017-06-03 16:11:50,3.3263574136775502
2017-06-06 23:06:31,3.6901096429433022
2017-06-10 08:22:54,3.541892071907399
2017-06-13 23:42:11,3.257363876449172
2017-06-17 12:53:13,2.938018773047496
2017-06-21 06:52:02,3.1047383359988343
2017-06-24 22:33:27,3.010706602438827
2017-06-28 19:05:11,2.819501811043988
2017-07-02 07:34:29,2.6960409962635836
2017-07-05 11:09:36,2.8218831108649347
2017-07-08 23:42:14,2.7238988789053744
2017-07-12 02:50:49,2.5135809787312704
2017-07-15 16:13:01,2.318824414491515
2017-07-19 00:25:21,2.4607928800269088
2017-07-22 09:53:56,2.8659867960909806
2017-07-25 14:13:13,2.8124473149423554
2017-07-29 02:41:17,2.7782748076725907
2017-08-01 15:35:59,2.605631491982561
2017-08-05 02:02:04,2.5482533268805496
2017-08-08 08:53:18,2.84499797788839
2017-08-12 05:39:21,2.8408421239249075
2017-08-15 22:47:30,3.1613144303505956
2017-08-19 11:02:30,2.992578859845102
2017-08-23 17:09:51,2.9068080623583823
2017-08-28 02:35:38,2.9525764457233077
2017-08-31 15:40:46,3.048630623111805
2017-09-03 20:30:13,2.9317670640105864
2017-09-06 19:55:44,2.8603279555016075
2017-09-09 21:43:07,2.6610742998396626
2017-09-13 01:30:30,2.585596771234693
2017-09-16 00:37:21,2.0896938267950786
2017-09-19 09:37:01,2.451762070953895
2017-09-22 23:26:44,2.2115562626335623
2017-09-26 17:41:02,2.3642321245826556
2017-09-29 22:25:46,2.465375112343361
2017-10-03 12:29:58,2.5504480992583938
2017-10-07 06:22:06,2.525863411599888
2017-10-10 09:20:45,2.707039255971418
2017-10-14 00:17:41,3.114992067267401
2017-10-17 03:37:22,3.0627473936460583
2017-10-20 06:43:30,2.9807331028633395
2017-10-23 10:22:17,3.0440128366146535
2017-10-26 09:31:00,2.826946561550783
2017-10-30 14:54:12,2.9890943159851098
2017-11-03 05:27:22,3.308328613413968
2017-11-07 06:14:08,3.243960129652797
2017-11-10 20:54:41,3.0872189238612826
2017-11-15 15:31:19,2.8277007369879708
2017-11-19 01:21:02,3.0613873206366944
2017-11-22 04:16:38,3.1439883898329093
2017-11-25 16:48:49,3.0911052137890227
2017-11-29 01:03:33,3.469196275533392
2017-12-02 01:07:16,3.4629920164778203
2017-12-05 04:17:10,3.628553995521464
2017-12-08 05:51:44,4.630543871580587
2017-12-11 09:45:10,4.199308427778326
2017-12-14 12:44:01,3.979142314865327
2017-12-17 12:15:26,4.446758037269743
2017-12-20 19:06:49,3.677315642223233
2017-12-24 13:16:30,3.0714115898509378
2017-12-28 03:51:12,3.189697415542525
2017-12-31 13:24:44,2.6255362098771036
2018-01-03 20:42:39,2.9848149908131085
2018-01-07 04:08:57,3.22846983801688
2018-01-10 08:52:26,2.736589010723913
2018-01-13 08:47:54,2.5991642142713443
2018-01-16 19:42:34,2.31508027221356
2018-01-19 23:27:25,2.1568425392563335
2018-01-22 22:32:31,2.0850140216127646
2018-01-26 00:53:30,2.118869143488878
2018-01-29 13:46:08,2.1400183253296086
2018-02-02 01:00:32,1.7616436281394863
2018-02-05 04:27:13,1.5950084810800114
2018-02-08 10:43:48,1.559245221554193
2018-02-12 04:17:48,1.5965595999729663
2018-02-15 10:46:44,1.8251276415040234
2018-02-18 20:51:05,2.058114270567833
2018-02-22 05:33:59,2.028827098431423
2018-02-25 17:42:53,1.8021405461687758
2018-03-01 04:17:30,1.9691689438134872
2018-03-04 10:13:27,2.1101512633165926
2018-03-07 18:28:16,1.9593474302728668
2018-03-11 10:43:09,1.6748549640448744
2018-03-14 18:48:16,1.6754170748078612
2018-03-18 08:54:56,1.4892537293366856
2018-03-21 23:19:25,1.692089046074772
2018-03-25 16:47:18,1.6271727834998357
2018-03-29 07:27:58,1.4947797424917353
2018-04-01 20:06:18,1.301101732627542
2018-04-05 06:31:33,1.3179746455123935
2018-04-08 14:52:50,1.3458824702961405
2018-04-11 23:00:29,1.3286933561265655
2018-04-15 08:55:27,1.5526685878090136
2018-04-18 18:46:46,1.5469022623653819
2018-04-22 03:50:56,1.6894251992951137
2018-04-25 15:45:09,1.7962413009513623
2018-04-29 09:35:30,1.7886868701058691
2018-05-02 22:51:47,1.731270415162646
2018-05-06 11:34:08,1.8542067819857802
2018-05-10 02:28:57,1.7418061648081933
2018-05-13 15:57:35,1.5994830936305666
2018-05-17 03:30:28,1.5595886877201375
2018-05-20 19:25:27,1.5570600257030711
2018-05-24 06:20:13,1.4383313405508216
2018-05-27 11:51:25,1.3863198389089988
2018-05-30 21:05:09,1.402670817286768
2018-06-03 02:14:42,1.4370962296916736
2018-06-06 03:19:19,1.4208247082801087
2018-06-09 18:37:38,1.4446133986291485
2018-06-13 15:20:13,1.250121270142711
2018-06-17 01:03:08,1.2376177501308967
2018-06-20 10:46:04,1.2804308413061158
2018-06-23 18:45:13,1.174739556531175
2018-06-27 01:22:54,1.192675502587367
2018-06-30 20:08:26,1.2256150087034596
2018-07-04 16:50:11,1.2794119242303608
2018-07-08 07:34:15,1.2927208425565093
2018-07-11 23:02:26,1.245814579507322
2018-07-15 19:46:24,1.2379487258527238
2018-07-19 07:40:38,1.451429861065194
2018-07-22 15:54:19,1.45725341521141
2018-07-25 19:15:38,1.6192534263370302
2018-07-29 01:19:21,1.5982335495392348
2018-08-01 15:03:55,1.4870932884058161
2018-08-04 20:36:14,1.4211311669796483
2018-08-08 10:50:07,1.3281058440228184
2018-08-11 15:00:51,1.2034036265217822
2018-08-15 03:29:42,1.197716217816918
2018-08-18 12:18:01,1.2839166360778114
2018-08-22 01:25:45,1.2649385561334747
2018-08-25 14:12:29,1.3152485568250014
2018-08-28 19:36:41,1.3646316779268823
2018-09-01 07:29:34,1.3787648387853366
2018-09-05 02:09:08,1.4371147996658884
2018-09-08 16:04:13,1.264267558041895
2018-09-12 05:59:54,1.2386025812016233
2018-09-15 21:08:20,1.2879884872655094
2018-09-19 14:40:30,1.251962933749587
2018-09-23 02:47:34,1.326963757357059
2018-09-26 12:31:07,1.2718145170792583
2018-09-30 03:29:19,1.3009311802552106
2018-10-03 14:37:10,1.2884459188437452
2018-10-07 10:22:17,1.3029190780516686
2018-10-11 07:48:10,1.2828263814961303
2018-10-15 04:51:30,1.244667562029255
2018-10-18 20:46:45,1.2894366022696728
2018-10-22 14:05:21,1.2933986509851934
2018-10-26 11:25:11,1.2918654882597576
2018-10-30 04:06:07,1.275576779995956
2018-11-02 14:55:00,1.2825304590242013
2018-11-06 06:49:45,1.2958803815165185
2018-11-10 10:36:17,1.2849405548468695
2018-11-14 08:20:23,1.2718721784155256
2018-11-18 09:26:43,1.1271881423774015
2018-11-22 16:27:45,0.9306046063154236
2018-11-26 23:27:00,0.8098786449291135
2018-12-01 12:39:34,0.8433931417949444
2018-12-05 19:22:36,0.8076210049759346
2018-12-09 23:47:57,0.7421049672689141
2018-12-14 03:56:14,0.720925273307225
2018-12-17 22:09:29,0.7234354066421255
2018-12-21 18:11:56,0.8784619175168049
2018-12-24 22:20:14,0.9030607306022762
2018-12-28 05:14:33,0.8059153187437481
2018-12-31 11:59:22,0.8381503093179652
2019-01-03 23:58:20,0.8442776179525592
2019-01-07 12:52:42,0.8855057837364696
2019-01-10 21:35:40,0.8488476024564751
2019-01-14 15:00:45,0.7897586144478181
2019-01-18 13:47:16,0.8105785425417905
2019-01-22 04:37:41,0.7944198301759465
2019-01-25 21:36:10,0.801511184435207
2019-01-29 14:07:24,0.769226223416316
2019-02-02 02:00:38,0.7761732530633126
2019-02-05 19:06:17,0.7762357549838343
2019-02-08 22:41:47,0.7874266417909513
2019-02-12 16:35:38,0.8168930126570436
2019-02-16 13:25:24,0.818241169229222
2019-02-19 21:02:47,0.8938856415115867
2019-02-23 14:45:20,0.9023950035998964
2019-02-27 10:29:53,0.8719752712884866
2019-03-02 21:18:39,0.8753580242138913
2019-03-06 15:44:02,0.882945022893866
2019-03-10 08:46:00,0.8988186115296248
2019-03-14 05:56:59,0.8887674495670734
2019-03-17 13:44:45,0.9165188300042415
2019-03-20 21:44:43,0.9220549498853033
2019-03-24 07:45:52,0.9183952836026912
2019-03-28 01:13:21,0.9256263179683368
2019-03-31 17:18:58,0.9449110435861461
2019-04-04 10:01:57,1.1657266757423046
2019-04-08 01:28:14,1.1821992890238981
2019-04-11 16:26:39,1.1965457943615763
2019-04-15 13:07:47,1.1759729378624098
2019-04-19 05:20:50,1.2064212192256143
2019-04-22 19:41:58,1.2107354343383703
2019-04-26 13:14:54,1.2052444931352584
2019-04-29 23:40:09,1.1785579949829068
2019-05-03 05:32:51,1.237629345375926
2019-05-06 23:47:35,1.2938734739315192
2019-05-10 19:53:52,1.4183305515201874
2019-05-14 07:50:10,1.7521745581125392
2019-05-17 20:41:37,1.6138736797692326
2019-05-21 04:50:23,1.7322568412092236
2019-05-24 13:30:40,1.7263752059128967
2019-05-27 22:14:16,1.9071022836481266
2019-05-31 03:43:53,1.8290982244874703
2019-06-04 06:05:23,1.7794362436801596
2019-06-07 15:16:14,1.6609831106600492
2019-06-11 05:25:04,1.6771343171702506
2019-06-14 20:43:03,1.7544443637301934
2019-06-18 13:24:39,1.9391945504968868
2019-06-21 23:40:08,2.0327102197621634
2019-06-25 03:58:54,2.2462357168297244
2019-06-28 15:04:16,2.2634919797916706
2019-07-01 22:46:38,2.1111908449960444
2019-07-05 02:10:03,2.2765695889099447
2019-07-08 03:39:33,2.2159140828360955
2019-07-11 18:56:48,2.254428440885492
2019-07-15 08:23:50,1.991902182603346
2019-07-19 03:59:16,1.9269480083412172
2019-07-22 13:04:56,1.9952021941841211
2019-07-26 07:43:38,1.8676016066028394
2019-07-29 11:52:33,1.7973720680219472
2019-08-01 20:30:50,1.8512562038165494
2019-08-05 00:44:38,1.9942565229617175
2019-08-08 14:48:53,2.152859667503198
2019-08-12 02:54:48,2.0600057115139916
2019-08-15 16:07:56,1.7921637165147408
2019-08-19 10:35:11,1.871944864719339
2019-08-23 02:40:23,1.8056328792370062
2019-08-26 14:15:11,1.8273346841776137
2019-08-30 02:23:42,1.691060868749291
2019-09-02 13:23:54,1.7334715124162086
2019-09-05 22:06:32,1.8807182554556556
2019-09-09 05:03:36,1.8325396239014853
2019-09-12 08:47:39,1.772452966161923
2019-09-15 20:06:29,1.8115745289065885
2019-09-19 01:22:24,1.7824844603045098
2019-09-22 11:53:19,1.743736595479388
2019-09-26 01:21:19,1.4700156126261366
2019-09-29 15:19:13,1.431513092697537
2019-10-03 08:15:12,1.4628045882197578
2019-10-06 21:33:17,1.4148009930225083
2019-10-10 10:13:38,1.504814675717411
2019-10-13 21:50:23,1.4797771659963885
2019-10-17 16:31:48,1.4103871044420495
2019-10-21 05:45:49,1.4290326083267066
2019-10-24 10:28:32,1.3180930569831488
2019-10-28 11:55:05,1.6863295287499782
2019-11-01 10:15:05,1.6104126799734062
2019-11-05 09:52:11,1.6328577060793024
2019-11-09 07:51:27,1.5641896656156007
2019-11-12 16:24:36,1.535798094001894
2019-11-16 05:27:26,1.4950706196533403
2019-11-19 19:52:56,1.4277729228377287
2019-11-23 12:55:46,1.2773068797922735
2019-11-27 14:06:48,1.2586915574682893
2019-12-01 08:00:38,1.34147626147605
2019-12-04 19:25:44,1.2948807782623477
2019-12-08 07:14:56,1.3360646557691145
2019-12-11 23:25:17,1.285925431773365
2019-12-15 17:02:16,1.2649652936651983
2019-12-19 09:08:37,1.2561109418935763
2019-12-22 13:24:48,1.2819307698252103
2019-12-26 09:38:25,1.2915293330137276
2019-12-29 20:38:32,1.317252250539713
2020-01-02 04:00:39,1.2946574659037824
2020-01-05 11:41:19,1.3279849726567328
2020-01-08 21:43:06,1.482543043668044
2020-01-12 07:19:56,1.45244968684171
2020-01-15 22:33:29,1.562397021164117
2020-01-19 11:19:02,1.6009802575384493
2020-01-22 22:27:22,1.5436608492563104
2020-01-26 06:53:42,1.481656342873114
2020-01-29 23:03:10,1.657961280977343
2020-02-02 12:06:26,1.6493743446998779
2020-02-06 02:31:47,1.6683163312236207
2020-02-09 22:17:40,1.7604840538788529
2020-02-13 18:13:00,1.7912168179120627
2020-02-17 10:59:35,1.702366840667383
2020-02-21 03:07:29,1.6561626357199912
2020-02-24 18:45:06,1.6923787423130616
2020-02-28 10:13:50,1.5235505630501358
2020-03-02 18:47:45,1.4959234748407069
2020-03-06 01:39:53,1.5619470545615834
2020-03-09 11:35:26,1.413505201624452
2020-03-13 10:28:08,0.9879523598658165
2020-03-17 19:16:21,0.9276743490134713
2020-03-22 08:56:52,1.1215563597313012
2020-03-26 17:26:04,1.1996456381127123
2020-03-30 07:38:19,1.0916357022774117
2020-04-02 18:00:12,1.2075679672421291
2020-04-06 06:01:11,1.2340068378537377
2020-04-09 18:16:18,1.3251484338202268
2020-04-13 02:29:45,1.2599763589246396
2020-04-16 05:39:36,1.223228938031216
2020-04-19 19:36:30,1.3051369949352298
2020-04-23 10:52:29,1.2872026760051476
2020-04-27 06:11:29,1.3876397162508871
2020-04-30 22:45:59,1.5985367062317914
2020-05-04 09:20:38,1.574276341652264
2020-05-07 19:54:54,1.6720448480901198
2020-05-11 08:38:25,1.5294031915242046
2020-05-15 12:49:50,1.7020072244357476
2020-05-19 22:19:22,1.699268654421467
2020-05-24 08:38:25,1.6141450815439011
2020-05-28 13:52:56,1.6102794818386807
2020-06-01 08:39:21,1.6695294595952939
2020-06-05 01:23:47,1.6961282058825653
2020-06-08 00:56:16,1.6779212237646155
2020-06-11 06:43:49,1.708614040580697
2020-06-14 10:57:31,1.6379105271570495
2020-06-18 01:05:00,1.637435391189213
2020-06-21 21:10:26,1.619753687244906
2020-06-25 12:50:13,1.5995012101848838
2020-06-29 01:16:21,1.5633549747352848
2020-07-02 11:32:18,1.59081361721012
2020-07-05 18:00:01,1.5612772923484468
2020-07-09 04:22:01,1.6125377164630494
2020-07-12 14:39:48,1.5873850809812697
2020-07-16 03:14:26,1.5819069748304804
2020-07-20 04:27:54,1.5705400085373915
2020-07-24 03:16:16,1.6355264625127865
2020-07-27 13:19:51,1.7212613316180203
2020-07-31 05:29:45,1.8665938979037338
2020-08-03 19:54:04,1.8906071177567987
2020-08-07 10:53:25,1.9696386326254605
2020-08-11 01:22:24,1.9672831907224217
2020-08-14 11:59:36,1.9196381439512216
2020-08-18 01:13:32,1.9716795859012375
2020-08-21 16:16:43,1.92559334777196
2020-08-25 07:09:01,1.9093657697288238
2020-08-29 01:01:18,1.8597029258303521
2020-09-01 17:45:58,1.9101839310685793
2020-09-05 13:59:51,1.6786889527869733
2020-09-08 22:25:26,1.6374729689521492
2020-09-12 10:52:54,1.6694345144623863
2020-09-15 15:34:00,1.7321713191923822
2020-09-18 18:49:24,1.7611915811917398
2020-09-22 10:27:28,1.6863891243441536
2020-09-26 01:09:06,1.712372920004266
2020-09-29 18:40:34,1.7235523905743972
2020-10-03 11:57:55,1.6864919220939063
2020-10-07 06:02:51,1.7072527282830419
2020-10-10 18:16:30,1.7948932615533006
2020-10-14 04:37:03,1.8178020659887275
2020-10-17 16:53:48,1.7992007022917165
2020-10-21 16:29:32,1.9155963247194185
2020-10-25 14:22:13,2.0306364237416252
2020-10-30 11:40:11,2.054218868796361
2020-11-04 01:57:45,2.0612244027714697
2020-11-07 13:12:08,2.301146769357865
2020-11-10 23:14:36,2.2466898996689313
2020-11-14 11:36:40,2.3439656214620816
2020-11-17 23:10:22,2.4546866090535375
2020-11-21 07:21:51,2.609920265266129
2020-11-24 16:51:50,2.5697437768198603
2020-11-28 03:16:22,2.307667270433473
2020-12-01 20:40:33,2.602103424419276
2020-12-05 12:56:02,2.504681711287432
2020-12-09 06:31:11,2.4599904795828587
2020-12-13 03:16:14,2.4123092192726046
2020-12-16 18:57:53,2.521757734963075
2020-12-20 07:16:20,2.8923833379616366
2020-12-23 23:26:41,2.8062757281003106
2020-12-27 19:17:45,3.138235035174475
2020-12-31 03:11:33,3.121190959333434
2021-01-03 13:43:12,3.483619109429032
2021-01-06 16:31:02,3.4629309064934515
2021-01-10 03:26:10,3.7479594579339857
2021-01-13 14:12:09,3.076734626935531
2021-01-17 04:02:02,3.2491820366249864
2021-01-20 19:23:08,3.0783538780846116
2021-01-24 13:02:51,2.798955754693856
2021-01-28 04:15:04,2.6473892885090815
2021-01-31 19:20:07,2.8393224830591977
2021-02-04 11:34:55,3.112272644643528
2021-02-07 18:34:14,3.1769983945211635
2021-02-11 08:45:20,3.5252430104425487
2021-02-14 23:58:50,3.6694399351962224
2021-02-18 20:41:30,3.8012809417898987
2021-02-22 10:52:39,3.9483950371450964
2021-02-26 05:00:20,3.3302884138374864
2021-03-01 22:00:01,3.1393699086398015
2021-03-05 15:08:02,3.106981184919243
2021-03-09 03:54:49,3.306932359752082
2021-03-12 19:55:59,3.5807060870725516
2021-03-16 09:17:34,3.4326217723523538
2021-03-20 00:30:19,3.5422677764253687
2021-03-23 09:39:12,3.3161879036089377
2021-03-26 23:32:12,3.132715904354955
2021-03-30 09:17:21,3.3645984666381117
2021-04-02 23:15:11,3.3952586936106512
2021-04-06 15:37:10,3.331811811124488
2021-04-10 04:05:08,3.2309705685756125
2021-04-13 19:00:13,3.3543214167089603
2021-04-17 23:51:39,3.279640007333298
2021-04-22 14:24:42,2.8705551341333235
2021-04-26 08:31:48,2.611558491998195
2021-04-30 08:44:25,2.7670277056555785
2021-05-03 14:52:51,2.9589356775351434
2021-05-06 19:18:40,2.8928941332199583
2021-05-09 16:40:11,2.9031164322980927
2021-05-12 18:31:32,2.8155350547117
2021-05-16 12:04:26,2.4015804989995644
2021-05-21 00:41:11,1.9908936239703512
2021-05-25 10:20:22,1.9255113441824383
2021-05-29 22:17:05,1.792979791117925
2021-06-02 12:48:16,1.8546079009861698
2021-06-06 07:31:01,1.8293577884890317
2021-06-10 04:55:31,1.766452358409432
2021-06-14 09:53:08,1.9333689304424255
2021-06-18 13:18:14,1.9274395705711402
2021-06-23 16:47:23,1.6783023398395212
2021-06-29 11:40:14,1.7821219467262885
2021-07-04 16:53:20,1.8059315535266847
2021-07-08 17:28:49,1.726807916296826
2021-07-12 13:47:55,1.76179404018163
2021-07-16 06:39:12,1.6517333291881162
2021-07-19 19:19:43,1.619319306049387
2021-07-23 13:42:16,1.6744770704576504
2021-07-27 00:24:23,1.9863835121023201
2021-07-30 06:14:49,2.017064670383301
2021-08-02 16:30:23,2.0187330151085745
2021-08-06 01:23:53,1.9825252117632164
2021-08-09 09:11:32,2.195947683123546
2021-08-12 19:18:12,2.2511303761520844
2021-08-16 00:16:42,2.28671548392633
2021-08-19 10:37:37,2.2127084364490797
2021-08-22 14:54:45,2.409568426054456
2021-08-25 18:29:55,2.3438533806942616
2021-08-29 07:22:32,2.3716351181119975
2021-09-02 01:43:39,2.311394549882728
2021-09-05 11:11:39,2.4040592469529547
2021-09-08 21:22:01,2.2242790945605093
2021-09-12 15:16:15,2.177980772404835
2021-09-16 00:56:39,2.275180371321832
2021-09-19 13:44:24,2.283448879074821
2021-09-23 07:23:05,2.0533328731172866
2021-09-26 20:07:49,2.029467580351347
2021-09-30 09:54:05,2.0057633878814682
2021-10-03 14:40:21,2.256507328078878
2021-10-07 03:15:00,2.477206653981657
2021-10-10 20:17:33,2.5534288651867607
2021-10-14 10:10:46,2.6150811064824953
2021-10-18 02:16:00,2.7606167917955777
2021-10-21 14:37:42,2.9164240274285196
2021-10-25 01:56:33,2.677621832720635
2021-10-28 07:59:25,2.5791731491605474
2021-10-31 17:24:34,2.6719353896586093
2021-11-04 04:18:27,2.689536791140587
2021-11-07 15:34:01,2.630992064962291
2021-11-11 05:56:43,2.794717272935283
2021-11-14 17:35:09,2.6679643051066293
2021-11-18 05:51:35,2.4704551655660425
2021-11-22 00:38:12,2.435108911745476
2021-11-25 17:26:06,2.3621435136193867
2021-11-29 14:24:42,2.2994585278324755
2021-12-03 04:50:24,2.3036346663292337
2021-12-06 12:07:18,1.9920259325597522
2021-12-09 16:50:25,2.0328923910303955
2021-12-13 03:56:18,2.026969793833358
2021-12-17 01:22:14,1.9940661070472887
2021-12-20 18:14:39,1.9127832949609123
2021-12-24 05:25:52,2.012822373236546
2021-12-27 22:19:19,2.0744165171620494
2021-12-31 18:02:24,1.921253767575193
2022-01-04 03:45:46,1.9297239721327142
2022-01-07 18:03:02,1.7714150920445648
2022-01-11 10:47:50,1.7205883245539473
2022-01-14 17:22:34,1.7603171055394324
2022-01-17 19:29:15,1.7729535113015535
2022-01-21 04:51:44,1.72722156206645
2022-01-24 23:46:34,1.4606284941134187
2022-01-28 17:10:16,1.5358958842245332
2022-02-01 07:40:20,1.5943307227339159
2022-02-04 22:51:12,1.5904924364253872
2022-02-08 15:45:53,1.8330185246199726
2022-02-12 07:56:49,1.7751512173395951
2022-02-15 10:18:08,1.7829031136288411
2022-02-18 21:19:18,1.677648177976568
2022-02-22 15:59:48,1.5576166173933106
2022-02-26 12:29:51,1.6275570840297648
2022-03-02 03:41:11,1.8142190481235116
2022-03-05 23:01:26,1.6226270871253363
2022-03-09 17:32:00,1.6779925759320773
2022-03-13 06:16:35,1.618180355167726
2022-03-16 19:13:03,1.6588863476091773
2022-03-20 07:34:18,1.7345155292223373
2022-03-23 18:57:13,1.7475199812170112
2022-03-27 07:20:02,1.8246039833718997
2022-03-30 22:39:40,1.9258176240662128
2022-04-03 18:54:21,1.8805152832913463
2022-04-07 06:45:10,1.7920990169436963
2022-04-11 00:41:06,1.7411169566292442
2022-04-14 16:41:00,1.6758201936449308
2022-04-18 05:04:15,1.6364644784706892
2022-04-21 20:16:00,1.7016455972661548
2022-04-25 04:37:07,1.6085935620371046
2022-04-28 16:14:45,1.600644120202702
2022-05-02 01:27:44,1.5583188706137414
2022-05-05 13:16:47,1.617551227839347
2022-05-09 01:52:19,1.4152546430115756
2022-05-12 14:54:05,1.19233501288808
2022-05-16 09:57:39,1.2668071909357979
2022-05-20 06:27:18,1.2488602034228982
2022-05-24 03:24:15,1.2615920236008247
2022-05-27 23:33:36,1.2181278152251018
2022-05-31 12:19:55,1.3194477910259648
2022-06-04 09:46:52,1.258343773790591
2022-06-07 20:24:38,1.2645568036674522
2022-06-11 04:54:44,1.2551585272883148
2022-06-15 00:25:36,0.9598063658224597
2022-06-18 20:56:24,0.8514599887052043
2022-06-22 17:00:40,0.9129043757719375
2022-06-26 10:33:59,0.9471438660894232
2022-06-30 02:26:39,0.8969589337559453
2022-07-03 15:51:36,0.8603424394223019
2022-07-07 12:04:09,0.9183154834231092
2022-07-11 03:09:01,0.9506294995702838
2022-07-15 05:41:18,0.9207313024872755
2022-07-19 03:30:30,0.9991653252018312
2022-07-23 03:21:27,1.055052355054156
2022-07-26 13:08:55,0.9806992953415772
2022-07-30 00:24:51,1.095264928011007
2022-08-02 15:32:36,1.0520634997403688
2022-08-06 09:02:56,1.0611863910278967
2022-08-09 20:14:07,1.0815208451413376
2022-08-13 10:11:12,1.1156422743897676
2022-08-17 04:10:25,1.099982449430555
2022-08-20 15:11:52,0.9762651979465417
2022-08-24 02:34:42,0.988635246492192
2022-08-27 12:01:54,0.9515483111332778
2022-08-30 20:04:18,0.9349061782760165
2022-09-03 16:36:59,0.9254461374594238
2022-09-07 00:13:47,0.91020377363792
2022-09-10 15:11:39,0.9921606766554187
2022-09-14 01:07:44,1.0039244292280392
2022-09-17 18:21:12,0.9306416024630493
2022-09-21 09:22:32,0.8909441019264223
2022-09-25 05:04:58,0.893372350914135
2022-09-28 22:20:51,0.8966054398984594
2022-10-02 02:30:47,0.9085782378779415
2022-10-05 08:27:07,0.9507451463405994
2022-10-08 14:27:39,0.9197700114423213
2022-10-11 19:10:39,0.9006535335452093
2022-10-15 11:25:19,0.9121772695311898
2022-10-19 00:11:13,0.9209840183195831
2022-10-22 12:16:01,0.9072405859535917
2022-10-26 09:03:16,0.9437273096929146
2022-10-29 22:27:08,0.9846419049362013
2022-11-02 12:50:15,0.9710486531383303
2022-11-06 05:08:01,1.009921345102505
2022-11-09 17:17:25,0.8598799170776316
2022-11-13 08:44:01,0.8109389283787739
2022-11-17 02:14:05,0.8061755422509872
2022-11-20 19:11:11,0.8187530523192441
2022-11-24 19:36:48,0.8182095781853624
2022-11-28 22:21:05,0.8039106066699723
2022-12-02 17:55:51,0.8411623418874465
2022-12-06 13:48:37,0.8468586500083627
2022-12-09 20:15:11,0.8591319011730274
2022-12-13 11:52:38,0.8564917789558227
2022-12-17 02:16:31,0.8573881130785764
2022-12-20 20:31:16,0.8404674398177734
2022-12-25 01:04:13,0.8470347900965463
2022-12-28 20:24:27,0.8397682230951382
2023-01-01 07:52:57,0.8378413596264751
2023-01-04 19:48:15,0.8514445087247178
2023-01-08 02:36:49,0.8592216222251785
2023-01-11 10:04:45,0.8834256618154506
2023-01-14 19:53:05,1.0551816895007908
2023-01-18 06:47:35,1.0758673992536159
2023-01-22 00:31:32,1.1582136867270876
2023-01-25 13:44:06,1.1487808956608392
2023-01-28 18:57:14,1.1648752212696123
2023-02-01 15:20:25,1.166968946279963
2023-02-05 07:30:27,1.1789631791237256
2023-02-09 00:31:31,1.164519293011044
2023-02-12 10:52:18,1.0980255608270635
2023-02-15 19:50:24,1.1266740433296856
2023-02-18 21:13:40,1.240166362083674
2023-02-22 06:41:46,1.232326564799106
2023-02-26 02:00:37,1.1620811960265696
2023-03-01 14:29:41,1.1853220042396508
2023-03-04 22:19:18,1.126350108514442
2023-03-08 10:35:35,1.1211934777521537
2023-03-12 03:40:28,1.027644229173671
2023-03-15 15:30:56,1.2641533068447728
2023-03-19 03:21:15,1.3745417050302848
2023-03-22 16:05:02,1.4131384711587878
2023-03-25 21:49:32,1.3771413342563628
2023-03-29 15:36:00,1.3813774003559232
2023-04-02 05:41:02,1.4384047122920436
2023-04-05 21:23:14,1.4342549374285494
2023-04-09 10:25:52,1.4130018964035707
2023-04-13 02:08:02,1.5117131354546045
2023-04-16 17:54:58,1.5232922093441947
2023-04-20 04:37:52,1.4682546720671323
2023-04-23 23:09:46,1.3858090762288469
2023-04-27 22:37:47,1.454816615305175
2023-05-01 13:04:55,1.4533218820252594
2023-05-05 04:35:29,1.4516626407229194
2023-05-09 00:47:16,1.3903486339908997
2023-05-12 11:01:16,1.3357167082922896
2023-05-15 20:31:38,1.3587780518217911
2023-05-19 09:36:52,1.3412768994622308
2023-05-23 00:45:49,1.3330523423321026
2023-05-26 13:39:21,1.31054260934421
2023-05-29 23:16:10,1.3798143667365081
2023-06-02 13:17:16,1.3366922405229025
2023-06-06 05:35:52,1.291021377805977
2023-06-09 17:51:52,1.3146381848155937
2023-06-13 03:39:01,1.2833643073532628
2023-06-16 20:17:54,1.271087743557468
2023-06-20 12:39:44,1.325257976079281
2023-06-24 12:19:53,1.5167178487941342
2023-06-28 05:30:28,1.506529348755319
2023-07-02 01:10:19,1.4993770693432833
2023-07-05 13:20:39,1.5105430462726546
2023-07-08 19:17:30,1.4854102751910023
2023-07-12 05:35:52,1.498175130145383
2023-07-16 04:13:00,1.4854601090383512
2023-07-19 15:16:53,1.4682062152449127
2023-07-23 15:25:50,1.4633082687233174
2023-07-27 09:26:13,1.4379543338302825
2023-07-31 01:47:31,1.4412941846498541
2023-08-03 15:07:18,1.4332412601014242
2023-08-07 06:03:16,1.4289421647713296
2023-08-11 01:00:55,1.4502603212007494
2023-08-14 11:17:17,1.4419651309718937
2023-08-17 15:29:00,1.408419753805854
2023-08-21 05:19:27,1.2848923313686453
2023-08-24 18:20:27,1.3000081980783293
2023-08-28 23:08:53,1.2837592958412953
2023-09-01 15:18:07,1.2872136124985771
2023-09-05 01:23:01,1.2767959675927345
2023-09-09 00:15:49,1.2861546564165662
2023-09-12 11:39:20,1.2525566289330503
2023-09-15 18:38:05,1.3092915175336417
2023-09-19 03:33:32,1.3267501306948413
2023-09-23 00:45:12,1.3131758088046321
2023-09-26 13:53:34,1.2974983078263134
2023-09-30 04:24:17,1.3296865327280736
2023-10-03 16:32:39,1.358731328317962
2023-10-07 06:57:28,1.3708858351466844
2023-10-10 15:48:15,1.358816366067035
2023-10-14 00:50:41,1.3207109908233232
2023-10-17 12:38:07,1.3936881548743347
2023-10-21 04:46:04,1.454123244392067
2023-10-24 19:02:34,1.6309273476235253
2023-10-28 07:01:55,1.6512040219028288
2023-10-31 20:03:35,1.6705077131219532
2023-11-04 10:11:01,1.6771748492267198
2023-11-08 01:08:30,1.6908360887898377
2023-11-11 13:11:00,1.7839516480612487
2023-11-15 07:08:49,1.7246223077485539
2023-11-18 19:40:12,1.7444796776135618
2023-11-22 01:29:54,1.7610953394365567
2023-11-25 13:44:29,1.796074594192846
2023-11-29 04:54:05,1.786833468591594
2023-12-02 22:34:12,1.838117531675129
2023-12-06 11:11:19,2.0276219718848703
2023-12-10 06:48:32,2.0504882621351124
2023-12-13 21:59:16,1.9288747488019926
2023-12-17 08:00:04,1.9592058746235002
2023-12-20 18:10:41,1.9790734221495343
2023-12-24 02:05:29,2.011599629891552
2023-12-27 15:17:50,1.9508913220251944
2023-12-31 10:43:30,1.9300156521847511
2024-01-03 23:59:44,1.9943726622062325
2024-01-07 14:35:59,1.9774556543791812
2024-01-11 10:37:26,2.0619901716023037
2024-01-14 21:37:39,1.9122143567099295
2024-01-19 01:15:03,1.8679467545162374
2024-01-22 18:11:10,1.8217082663068382
2024-01-26 00:40:05,1.7628859992684696
2024-01-29 06:41:21,1.8561916487004635
2024-02-01 23:01:37,1.8600356625096854
2024-02-05 03:57:15,1.8723347193263584
2024-02-08 12:33:25,1.9233802347930442
2024-02-12 01:05:47,2.093886552679194
2024-02-15 11:25:39,2.232062719245549
2024-02-19 08:39:37,2.2217518502407354
2024-02-23 04:20:43,2.1892716415422937
2024-02-26 18:50:20,2.1882385366497137
2024-03-01 14:00:24,2.5344298758411092
2024-03-05 06:25:33,2.706250136365233
2024-03-08 13:02:22,2.64031364066881
2024-03-11 22:10:21,2.7395089988254226
2024-03-15 12:18:17,2.621955218387782
2024-03-19 07:27:55,2.5076274798374674
2024-03-23 01:30:08,2.3898939771654493
2024-03-26 15:59:24,2.546536352672815
2024-03-30 05:13:57,2.5053114946676125
2024-04-02 20:16:01,2.383294181947545
2024-04-06 12:22:00,2.404465375810933
2024-04-09 19:47:48,2.4919541009283694
2024-04-13 12:41:23,2.368700702539327
2024-04-16 22:34:47,2.2124617957188475
2024-04-20 15:36:30,2.2439530355092114
2024-04-24 06:05:29,2.326201922968867
2024-04-27 20:14:10,2.1968421833054803
2024-05-01 18:40:45,2.0545677376218583
2024-05-05 14:08:08,2.209958304939478
2024-05-09 16:37:33,2.13338143787572
2024-05-13 07:56:10,2.1202501085617835
2024-05-17 00:31:45,2.2632584435911305
2024-05-20 15:34:40,2.2883538425968117
2024-05-24 02:16:08,2.3302644739838625
2024-05-27 12:53:29,2.3378397677944
2024-05-31 12:20:54,2.2787480973269267
2024-06-04 01:45:07,2.2956898509748913
2024-06-08 00:39:46,2.3331247037597307
2024-06-11 12:17:49,2.265893959428691
2024-06-15 10:16:49,2.1751411440983466
2024-06-18 23:31:39,2.139278111795473
2024-06-22 17:59:03,2.1022849762308975
2024-06-26 19:47:02,2.0131153797196717
2024-06-30 18:58:23,1.996803791508339
2024-07-04 09:58:25,1.9429699152299562
2024-07-08 03:35:48,1.8515230749939369
2024-07-11 18:34:56,1.888181554613959
2024-07-15 03:35:37,1.9664242201750541
2024-07-18 18:06:09,2.0850750431549545
2024-07-22 02:56:59,2.1659079321040027
2024-07-25 08:12:16,2.099841295300198
2024-07-28 17:44:18,2.172755709158222
2024-08-01 03:58:31,2.099672299537754
2024-08-05 01:33:26,1.9051961668359338
2024-08-08 23:11:10,1.8470510994091305
2024-08-12 16:40:59,1.8844907579996
2024-08-16 09:05:36,1.862879786754396
2024-08-20 01:45:19,1.873574739794384
2024-08-23 10:15:27,1.9336261954693104
2024-08-27 04:49:33,2.022016119433612
2024-08-30 20:21:30,1.883504593570463
2024-09-03 05:14:32,1.8704722177704634
2024-09-06 18:36:04,1.7779577948843532
2024-09-10 05:51:26,1.7860316770860165
2024-09-14 06:27:58,1.8846912625778975
2024-09-18 01:48:09,1.8879025919713612
2024-09-21 23:21:46,1.9923651208810829
2024-09-25 16:54:50,2.0175328323280133
2024-09-29 13:00:27,2.0614504283537567
2024-10-03 02:07:44,1.9209223764316599
2024-10-06 11:07:13,1.9426187063072806
2024-10-09 23:46:05,1.9225849295091095
2024-10-13 14:04:26,1.949356539424375
2024-10-17 05:19:23,2.08066152888884
2024-10-20 15:23:55,2.091657385413974
2024-10-23 23:08:56,2.0304049833566795
2024-10-27 14:23:15,2.0408478426873873
2024-10-30 17:33:08,2.1899495017055615
2024-11-03 06:08:07,2.0939644053992903
2024-11-06 22:05:22,2.2169172028448174
2024-11-10 13:19:11,2.306746964168125
2024-11-14 07:06:35,2.621338205313834
2024-11-17 21:30:50,2.5976452531517658
2024-11-21 06:01:41,2.6620044876849374
2024-11-25 00:12:58,2.669245715200409
2024-11-28 15:12:43,2.604040873130774
2024-12-02 07:31:25,2.624743787069261
2024-12-05 19:38:31,2.6940565854000447
2024-12-09 11:11:38,2.605818287311236
2024-12-12 23:36:05,2.5909810461460445
2024-12-16 10:52:14,2.6468064539044307
2024-12-20 02:04:26,2.509260018015476
2024-12-23 16:57:15,2.3612866464146123
2024-12-27 10:45:11,2.3615592645098133
2024-12-30 22:18:06,2.290893759961893
2025-01-03 11:33:15,2.3557880144157153
2025-01-07 03:52:14,2.436706549317348
2025-01-11 00:03:00,2.278637199229641
2025-01-14 13:55:56,2.2809322183890295
2025-01-18 07:39:30,2.4831441690275966
2025-01-22 01:12:15,2.47160082302113
2025-01-25 21:51:49,2.4636527704984728
2025-01-29 11:54:44,2.3946576682917966
2025-02-01 23:05:27,2.3834703255287453
2025-02-05 11:15:21,2.2922036446768956
2025-02-08 19:00:23,2.2332512290586055
2025-02-12 18:25:55,2.22042489581498
2025-02-16 03:44:13,2.2524138558443685
2025-02-19 23:28:59,2.214760970007828
2025-02-23 23:21:46,2.214196661145739
2025-02-27 14:58:10,1.9710298004746314
2025-03-03 06:47:14,2.0723567632154793
2025-03-06 20:56:52,2.0883415693228424
2025-03-10 09:46:23,1.9033527084506319
2025-03-13 22:17:13,1.8985819199271223
2025-03-17 17:35:26,1.9142007338766367
2025-03-21 08:36:36,1.945965600450518
2025-03-24 20:24:37,1.9919613425846452
2025-03-28 06:37:20,1.991039681717272
2025-03-31 23:17:49,1.8876431898637158
2025-04-04 09:07:15,1.8852801587874652
